<?xml version="1.0" encoding="UTF-8"?><article xmlns:mml="http://www.w3.org/1998/Math/MathML" xmlns:xlink="http://www.w3.org/1999/xlink" xmlns:xsi="http://www.w3.org/2001/XMLSchema-instance" article-type="research-article" dtd-version="1.0" xml:lang="en">
<front>
<journal-meta>
<journal-id journal-id-type="publisher-id">EJCoP</journal-id>
<journal-id journal-id-type="nlm-ta">Eur J Couns Psych</journal-id>
<journal-title-group>
<journal-title>The European Journal of Counselling Psychology</journal-title>
<abbrev-journal-title abbrev-type="pubmed">Eur. J. Couns. Psych.</abbrev-journal-title>
</journal-title-group>
<issn pub-type="epub">2195-7614</issn>
<publisher><publisher-name>PsychOpen</publisher-name></publisher>
</journal-meta>
<article-meta>
<article-id pub-id-type="publisher-id">ejcop.v2i2.34</article-id>
<article-id pub-id-type="doi">10.5964/ejcop.v2i2.34</article-id>
<article-categories><subj-group subj-group-type="heading"><subject>Articles</subject></subj-group></article-categories>
<title-group>
<article-title>Knowledge About HIV / AIDS: The Influence of Lifestyles and Self-Regulation in Adolescents</article-title>
<alt-title alt-title-type="right-running">Knowledge About HIV / AIDS</alt-title>
</title-group><contrib-group><contrib contrib-type="author" corresp="yes"><name name-style="western"><surname>Chaves</surname><given-names>Claudia Balula</given-names></name><xref ref-type="corresp" rid="cor1"><sup>*</sup></xref><xref ref-type="aff" rid="aff1"><sup>a</sup></xref></contrib><contrib contrib-type="author"><name name-style="western"><surname>Bento</surname><given-names>Manuela Teixeira</given-names></name><xref ref-type="aff" rid="aff1"><sup>a</sup></xref></contrib><contrib contrib-type="author"><name name-style="western"><surname>Ferreira</surname><given-names>Manuela Conceição</given-names></name><xref ref-type="aff" rid="aff1"><sup>a</sup></xref></contrib><contrib contrib-type="author"><name name-style="western"><surname>Duarte</surname><given-names>João Carvalho</given-names></name><xref ref-type="aff" rid="aff1"><sup>a</sup></xref></contrib><aff id="aff1"><label>a</label>Superior Health School, Polytechnic Institute of Viseu, Viseu, <country>Portugal</country></aff></contrib-group>
<author-notes>
<corresp id="cor1"><label>*</label>Rua D. João Crisóstomo Gomes de Almeida, nº 102, 3500-843 Viseu - Portugal. <email xlink:href="claudiachaves21@gmail.com">claudiachaves21@gmail.com</email></corresp>
</author-notes>
<pub-date pub-type="epub"><day>20</day><month>12</month><year>2013</year></pub-date>
<volume>2</volume>
<issue>2</issue>
<fpage>102</fpage>
<lpage>110</lpage>
<history>
<date date-type="received">
<day>30</day>
<month>09</month>
<year>2013</year>
</date>
<date date-type="accepted">
<day>01</day>
<month>10</month>
<year>2013</year>
</date>
</history>
<permissions><copyright-year/><license license-type="open-access" xlink:href="http://creativecommons.org/licenses/by/3.0/"><license-p>This is an open-access article distributed under the terms of the Creative Commons Attribution License, which permits unrestricted use, distribution, and reproduction in any medium, provided the original work is properly cited.</license-p></license></permissions>
<abstract>
<p>Adolescents’ vulnerability to HIV/AIDS infection arises from their immaturity, sexual risk behaviours as well as factors of a social, economic, cultural and gender nature. Adolescence is a stage of the lifecycle in which managing constant and daily temptations and gaining and maintaining healthy lifestyles are difficult tasks and a test of the powers of self-regulation. The purpose of the study is to analyze the relationship between socio-demographic variables, school context, lifestyles, self-regulation skills and knowledge about HIV/AIDS in adolescents in secondary education in Portugal. A quantitative, cross-sectional, analytical, descriptive and correlational study with a sample of 971 adolescents in secondary education was conducted. The evaluation protocol includes a socio-demographic questionnaire, the school context, lifestyles, the Reduced Questionnaire of Self-regulation, Knowledge About AIDS Scale for Adolescents. The sample consisted of 50.80% boys and 49.20% girls, 43.40% of the adolescents with or less than 16 years, 66.40% residing in rural areas and 77.30% cohabiting with parents. The correlations indicate that among adolescents’ knowledge about AIDS and the subscale setting goals there is a positive and significant correlation (<italic>r</italic> = 0.224, <italic>p</italic> = 0.000), as well as the overall value of the Self-regulation Scale. Significant and negative correlations are presented for the impulse control subscale (<italic>r</italic> = -0.257, <italic>p</italic> = 0.000) and not significant to the overall self-regulation value (<italic>r</italic> = -0.041, <italic>p</italic> = 0.099), ranging in reverse, meaning that more knowledge about AIDS, better self-regulation with regard to impulses subscale. Self-regulated behaviour requires control of immediate needs, mobilization of thoughts, feelings and behaviours for purposes of long-term health, especially with regard to the prevention of HIV/AIDS.</p>
</abstract>
<kwd-group kwd-group-type="author"><kwd>teens</kwd><kwd>self-regulation</kwd><kwd>lifestyles</kwd><kwd>knowledge HIV</kwd><kwd>AIDS</kwd></kwd-group>
</article-meta>
</front>
<body>
<sec sec-type="intro"><title>Introduction</title>
<p>Adolescence cannot be defined in the singular as the experience of this period includes a multiplicity of individual adventures influenced by family contexts, social and cultural environments to which the young person belongs. There is not a single adolescence, but rather “adolesences” (<xref ref-type="bibr" rid="r12">Fonseca, 2005</xref>; <xref ref-type="bibr" rid="r20">Pereira, Fanelli, Pereira, &amp; Rios, 2007</xref>; <xref ref-type="bibr" rid="r26">UNICEF, 2011</xref>).</p>
<p>However, we can say that despite individualities, adolescence is a period of profound transformations where growth and development at different levels is neither simultaneous nor similar. The development of sexuality at this stage of the lifecycle often lacks a cognitive and affective maturity which will enable the adolescent to making correct and conscious decisions. This reality, due to the specific characteristics of this stage of development, often reflected in negative attitudes and behaviours that define the high vulnerability of this age group.</p>
<p>Negative health behaviours, usually known as risk behaviours, which include behaviours of addiction, high action and unprotected sex, are defined by the participation of adolescents in activities that may compromise their physical, mental and social health (<xref ref-type="bibr" rid="r12">Fonseca, 2005</xref>; <xref ref-type="bibr" rid="r23">Sprinthall &amp; Collins, 2003</xref>). Many of these behaviours may endanger the health and life of the individual, and are associated with morbidity and mortality in adolescence, often projected into adulthood.</p>
<p>From this framework of assumptions some concepts immediately emerge: evaluation, recognition, responsibility, education, behaviour change, empowerment, self-regulation. Crossing these images with the characteristics of adolescence we see that this is a difficult and complex symbiosis – just as behaviour modification for purposes of promoting health and quality of life is complex, since it is a task that involves recognizing certain types of behaviour as risk factors and the assumed will to alter the course of established ways of being.</p>
<p>Teenagers are subjects in their struggle for social autonomy, conquering their space. Their freedom is greater, building social networks where peer influence is great at the expense of family influence. On their way to sexual maturity new forms of affection and new emotions emerge. All of these factors affect self-regulation. One of the great challenges of educating children, and later teenagers, passes precisely from knowing how to transfer on to the children the ability to self-monitor and self-regulate, that was previously in the hands of parents. Saying no to the constant and daily temptations, acquiring and maintaining healthy lifestyles are difficult tasks and a test of skills for self-regulation.</p>
<p>Self-regulation originated in Bandura’s studies and socio-cognitive theory, developed from the mid-70s. Attention was directed to the intentionality of the individual's behaviour and the fact that it is guided by certain goals (<xref ref-type="bibr" rid="r16">Karoly, 1993</xref>). The health of each individual is strongly influenced by their lifestyles. If individuals regulate their lifestyles, they can change their state of health (<xref ref-type="bibr" rid="r2">Bandura, 2005</xref>).</p>
<p>Self-regulation is a process in which individuals assume an active role in constructing their destiny (<xref ref-type="bibr" rid="r9">De Ridder &amp; De Wit, 2006a</xref>, <xref ref-type="bibr" rid="r10">2006b</xref>) by activating, monitoring, inhibiting, preserving and adapting their behaviour, emotions and cognitive strategies to achieve the desired objectives (<xref ref-type="bibr" rid="r6">Castillo &amp; Días, 2009</xref>). It is a concept whose application in the context of health is complex, given the discrepancy between health objectives and the behaviours individuals adapt (or not) in order to achieve them.</p>
<p>In health self-regulation perceives behaviour as an investment in long-term objectives involving the control of most immediate needs and the mobilization of thoughts, feelings and behaviours towards health objectives (<xref ref-type="bibr" rid="r6">Castillo &amp; Días, 2009</xref>). In this context the self acquires an essential role in that it allows the individual to resist to more immediate temptations towards achieving long-term goals (<xref ref-type="bibr" rid="r6">Castillo &amp; Días, 2009</xref>) naming the subject an active agent, a decision-maker, which is a vital aspect of human adaptation to life, without which the individual would be but a helpless spectator of events (<xref ref-type="bibr" rid="r9">De Ridder, &amp; De Wit, 2006a</xref>, <xref ref-type="bibr" rid="r10">2006b</xref>).</p>
<p>The health behaviour of adolescents has posed some interesting questions for those studying the processes of self-regulation. Many teens do not seem very interested in striving towards these goals, although interest in their health may be sincere. As a result, many studies on adolescent health behaviour focus on determining whether or not adolescent involvement in behaviour which is a risk to health, such as early onset of sexual activity, non-use or inconsistent use of condoms during sexual intercourse, often conditioned by inefficient information due to lack of confidence in the sources, or just this will to live intensely that keeps them from saying “no” in moments of erotic and emotional intensity, length of relationships and the practice of unprotected sex with multiple partners.</p>
<p>Many authors, among them, <xref ref-type="bibr" rid="r14">Gibbons, Gerrard, Reimer, and Pommery (2006)</xref> argue that health behaviour, specifically behaviour involving risks to health in adolescents is not premeditated, but a reaction to social circumstances. Since for teenagers social goals seem more important than health goals, involvement in behaviour which is risky to health at this stage of the lifecycle is explained by the will that their behaviour adapts to the social situation.</p>
<p>Under the central theme of our study, adolescents’ knowledge about HIV/AIDS, the issue of self-regulation is considered a priority since this is a predominantly behavioural disease.</p>
<p>Epidemiological findings portray a world in which one in 20 adolescents contracts a sexually transmitted infection every year. According to estimates, more than seven thousand young people are infected with HIV per year, a total of 2.6 million, i.e. more than half of the reported cases in the world. It is estimated that 10 million adolescents are living with HIV and are likely to develop acquired immunodeficiency syndrome in the next 3-15 years (<xref ref-type="bibr" rid="r1">Araújo et al., 2012</xref>). It is known that in the presence of a sexually transmitted infection the possibility of the individual being infected with HIV, increases from three to five times (<xref ref-type="bibr" rid="r24">Thiengo, Oliveira, &amp; Rodrigues, 2005</xref>).</p>
<p>According to data from the Joint United Nations Programme on HIV/AIDS, one third of the 40 million HIV-infected people in the world are under 24 years old. Half of all new infections recorded each year occur among young people, one every 15 seconds, and two thirds of that total are concentrated in female adolescents aged 15 to 24. Most young people infected with HIV do not know they have the disease (<xref ref-type="bibr" rid="r26">UNICEF, 2011</xref>).</p>
<p>These data reflect the global concern and justify interventions to reduce the spread of HIV in the world. These interventions are as varied as the contexts. Sexual behaviour is widely diverse and deeply rooted in individual desires, social and cultural relations, environment and economic processes. It is still the primary target of prevention efforts for HIV/AIDS worldwide. This consistency makes prevention an enormously complicated task involving a multiplicity of dimensions (<xref ref-type="bibr" rid="r25">UNAIDS, 1999</xref>).</p>
<p><xref ref-type="bibr" rid="r17">Lucas (1993)</xref> had, at the time, the real sense of the importance of individual and social responsibility as a means to modify the course of this disease, which had the makings of a pandemic. It was considered by the WHO first world health crisis having exceeded the illness itself and touched all of humanity. In this respect the author said: "It is human and social behaviour that is and will be for many years to come the key to resolving this epidemic, even if a vaccine and therapeutic alternatives can be developed successfully." <xref ref-type="bibr" rid="r17">Lucas (1993</xref>, p.15).</p>
<p>Education, an excellent vehicle for transmitting knowledge, is essential in preparing young people for adult life and is an important protection against HIV. Providing well- planned education about HIV and sexuality increases knowledge, develops skills, raises positive attitudes and can reduce risk behaviours.</p></sec>
<sec sec-type="materials|methods"><title>Material and Methods</title>
<p>A quantitative, cross sectional, analytical, descriptive and correlational study with a sample of 971 adolescents attending secondary school and vocational technical education. The evaluation protocol includes: socio-demographic variables, variables of school context and psychological (self-regulation), the Reduced Questionnaire Self-regulation (<xref ref-type="bibr" rid="r4">Carey, Neal, &amp; Collins, 2004</xref>). The Reduced Questionnaire Self-regulation is an instrument consisting of 29 items designed to obtain an overall index of self-regulation. Initially developed by <xref ref-type="bibr" rid="r4">Carey et al. (2004)</xref> in the United States of America was translated into European Portuguese and validated by <xref ref-type="bibr" rid="r6">Castillo and Días (2009)</xref>. Each item is scored from 1 to 5, where 1 corresponds to “strongly disagree”, 2 - “disagree”, 3 - “not sure”, 4 - “agree”, and finally 5 corresponds to “strongly agree”. Items 2, 3, 4, 6, 7, 9, 10, 11, 16, 21, 22, 26 and 29 are listed inversely. There are two scoring possibilities, by total score or by two subscales, namely: setting goals (comprising items 1, 5, 8, 12, 13, 14, 15, 17, 18, 20, 23, 24, 25, 27 and 28) and controlling impulses (which includes items 2, 3, 4, 6, 7, 9, 10, 11, 16, 19, 21, 22, 26 and 29). <italic>Knowledge About AIDS Scale for Adolescents</italic> (<xref ref-type="bibr" rid="r28">Zimet, 1989</xref>) was also used. It is a scale with 22 items in the form of a question. The answer to each item is given by indicating whether the statement is correct: “Yes", “No" and “Don’t know”. The correct answers are given a score of one (1) and incorrect answers zero (0). The total score of the scale is the sum of all the items and can range from zero (0) to twenty-two (22).</p>
<p>Objectives: To determine the relationship between socio-demographic variables, variables of school context and psychological variables (self-regulation) with knowledge about HIV/AIDS among adolescents in secondary education.</p></sec>
<sec sec-type="results"><title>Results</title>
<p>In our study, the population is between 14 and 21 years old, with an average of 16.80 years, a standard deviation of 1.38 and a coefficient of variation (CV) of 21.8%, which suggests a low dispersion. The average age for males, 16.84 years, is higher than that of females (16.76 years) (<xref ref-type="table" rid="t1">Table 1</xref>).</p>
<table-wrap id="t1" orientation="portrait" position="anchor">
<label>Table 1</label><caption><title>Statistics Regarding Age and Sex</title></caption>
<table frame="hsides" rules="groups">
<col align="left" width="10%"/>
<col width="10%"/>
<col width="10%"/>
<col width="10%"/>
<col width="10%"/>
<col width="10%"/>
<col width="10%"/>
<col width="10%"/>
<col width="10%"/>
<col width="10%"/>
<thead>
<tr>
<th>Gender</th>
<th><italic>N</italic></th>
<th>M</th>
<th>Min</th>
<th>Max</th>
<th><italic>SD</italic></th>
<th>CV%</th>
<th>Sk / error</th>
<th>K / error</th>
<th>K-S<sup>a</sup> / <italic>p</italic></th>
</tr>
</thead>
<tbody>
<tr>
<td>Male</td>
<td>493</td>
<td align="char" char="." colspan="1" rowspan="1">16.84</td>
<td>14</td>
<td>21</td>
<td align="char" char="." colspan="1" rowspan="1">1.41</td>
<td align="char" char="." colspan="1" rowspan="1">8.37</td>
<td align="char" char="." colspan="1" rowspan="1">5.500</td>
<td align="char" char="." colspan="1" rowspan="1">0.682</td>
<td align="char" char="." colspan="1" rowspan="1">&lt;.001</td>
</tr>
<tr>
<td>Female</td>
<td>478</td>
<td align="char" char="." colspan="1" rowspan="1">16.76</td>
<td>14</td>
<td>21</td>
<td align="char" char="." colspan="1" rowspan="1">1.35</td>
<td align="char" char="." colspan="1" rowspan="1">8.05</td>
<td align="char" char="." colspan="1" rowspan="1">6.161</td>
<td align="char" char="." colspan="1" rowspan="1">2.484</td>
<td align="char" char="." colspan="1" rowspan="1">&lt;.001</td>
</tr>
<tr style="transparent-borders-top">
<td><bold>Total</bold></td>
<td><bold>971</bold></td>
<td align="char" char="." colspan="1" rowspan="1"><bold>16.80</bold></td>
<td><bold>14</bold></td>
<td><bold>21</bold></td>
<td align="char" char="." colspan="1" rowspan="1"><bold>1.38</bold></td>
<td align="char" char="." colspan="1" rowspan="1"><bold>8.21</bold></td>
<td align="char" char="." colspan="1" rowspan="1"><bold>8.282</bold></td>
<td align="char" char="." colspan="1" rowspan="1"><bold>2.096</bold></td>
<td align="char" char="." colspan="1" rowspan="1"><bold>&lt;.001</bold></td>
</tr>
</tbody>
</table>
<table-wrap-foot>
<p><sup>a</sup>K-S: Kolmogorov-Smirnov test.</p>
</table-wrap-foot>
</table-wrap>
<p>The adolescents in the sample mostly live in rural areas (66.40%), with the remaining 33.60% living in urban areas. Application of the chi-square test allows us to conclude that there is no statistically significant relationship between the area of residence and gender variables (χ<sup>2</sup> = 0.563, <italic>p</italic> = 0.453). 77.30% of the students live with their parents, 53.20% live with sibling(s), 16.20% say they live with only one parent, 7.60% live with their grandparents and 2.90% with other relatives. 5.00% of the teenagers claim to live with people other than family. The educational attainment of most subjects’ fathers is the 2nd and 3rd cycle (45.30%), followed by 23.80% with the 1st cycle of basic education and 19.90% with secondary education. Most mothers have attained the 2nd and 3rd cycle (44.50%), followed by 20.80% whose education is only the 1st cycle, 19.80% with secondary education and 12.80% of the mothers have higher education. We found that 56.70% of households have an average medium-high or high income; the remaining 43.30% have a medium-low or low income.</p>
<p>The results of self-regulation as a function of gender showed that overall, boys (x = 90.11, <italic>SD</italic> = 9.96) showed higher mean rates than girls (x = 89.54, <italic>SD</italic> = 8.51). The boys showed the best mean score in impulse control and girls scored on average higher than boys in setting goals. The differences were not statistically significant. Regarding the overall score of self-regulation, the results we found were in line with studies by <xref ref-type="bibr" rid="r4">Carey et al. (2004)</xref>, <xref ref-type="bibr" rid="r5">Castillo and Días (2007)</xref>, <xref ref-type="bibr" rid="r15">Hustad, Carey, Carey, and Maisto (2009)</xref>, and <xref ref-type="bibr" rid="r19">Neal and Carey (2005)</xref>. Analysing the subscales, we found that in the study by <xref ref-type="bibr" rid="r5">Castillo and Días (2007)</xref>, the male subjects showed higher mean scores than females. The results of their study <xref ref-type="bibr" rid="r6">(2009)</xref> are similar to our findings for the subscale "goal setting", showing that girls showed better mean scores than boys. These differences were statistically significant.</p>
<p>The results of the relationship between age and self-regulation show that it was students aged under 16 who reported higher rates of self-regulation and those who scored better on the subscale “impulse control”, despite the absence of statistical significance for differences found. As regards the setting goals, it was the students in the age group of 17 years who scored best in that subscale. They are the ones therefore who revealed the best skills for setting goals. The differences are also not statistically significant. Studies by <xref ref-type="bibr" rid="r4">Carey et al. (2004)</xref>, <xref ref-type="bibr" rid="r19">Neal and Carey (2005)</xref>, as well as studies by <xref ref-type="bibr" rid="r5">Castillo and Días (2007</xref>, <xref ref-type="bibr" rid="r6">2009</xref>) showed no statistically significant differences, although a decrease in scores (on a global scale and subscales) was found. The results of our study are corroborated by these authors.</p>
<p>When the relationship between self-regulation and area of residence was evaluated, we found that students who reside in rural areas showed were better able to control impulses compared to those living in urban areas, with statistically significant differences (<italic>p</italic> = 0.044). On the other hand, the students living in urban areas were shown to be better at setting goals, although this result is not statistically significant. In the overall assessment, the students living in rural areas showed higher rates of self-regulation, although the differences found in our study did not have statistical significance (<italic>p</italic> &gt; 0.050, ns). Regarding the influence of area of residence on self-regulation, we did not find studies to support or refute the data we obtained.</p>
<p>In our research, the average household income (associated with a possible social level of the household of students) was not shown to influence students’ global self-regulation indices (<italic>t</italic> = 1.772, <italic>p</italic> = 0,077, n.s.), although students whose household has an average low or medium/low income reveal better average rates of self-regulation. This data is supported by <xref ref-type="bibr" rid="r19">Neal and Carey (2005)</xref>.</p>
<p>The school has also been shown to influence self-regulation levels. Indeed, students of vocational-technical education showed better overall average rates of self-regulation, and showed a better capacity to control impulses. Students attending secondary school showed better skills in setting goals. All these reported differences were statistically significant, allowing us to infer, with appropriate reservations, that the school is susceptible to influencing students’ self-regulation skills.</p>
<p>Analysing the relationship between years of schooling and self-regulation shows a decrease in the rates of self-regulation with increasing school year, although the differences are not statistically significant (<italic>p</italic> = 0.263, ns). Impulse control (<italic>p</italic> = 0.000) and setting goals (<italic>p</italic> = 0.015) were influenced by school year, with students from the 10th year being the ones who best control their impulses and students in the 12th year the ones who best set goals. These results allow us to affirm that impulse control decreases and setting goals improves as you progress through the school year. <xref ref-type="bibr" rid="r7">Castro (2007)</xref> concluded in their study, involving 1310 students in the school district of Braga and Porto that school year discriminated the processes of self-regulation, finding a decrease in self-regulatory behaviour as we increased school year (<italic>F</italic> = 14.1, <italic>p</italic> = 0.000). <xref ref-type="bibr" rid="r7">Castro (2007)</xref> also obtained similar results.</p>
<p>Schoolwork is another variable that appears in the literature as susceptible to influencing young people’s self-regulatory behaviour. In our investigation, based on the overall self-regulation score, students with no history having to repeat a year which showed the highest rates of self-regulation; however, the differences revealed no statistical significance (<italic>t</italic> = 0.927, <italic>p</italic> = 0.354, ns). When we analyze impulse control and setting goals, they seem to be influenced by the existence of having had to repeat a year. Students who did not repeat any past years showed the best capacity to control impulses and establish objectives, with statistical significance. <xref ref-type="bibr" rid="r7">Castro (2007)</xref> reported that students with higher academic performance tend to be more self-regulated than students with low academic performance. <xref ref-type="bibr" rid="r21">Rosário, Soares, Núñez, González-Pienda, and Rúbio (2004)</xref> also reported better self-regulated behaviour by students associated with higher school performance.</p>
<p>Feelings students expressed regarding school were found to be susceptible to influencing impulse control (<italic>p</italic> = 0.021) and setting goals (<italic>p</italic> = 0.047). Students who reported not liking school were the ones who showed the best capacity to control impulses. Those who reported liking school showed better ability to establish objectives. Overall, students who disliked school had higher mean scores of self-regulation, although the differences are not statistically significant (<italic>p</italic> = 0.644, ns).</p>
<p>When we crossed the physical exercise with self-regulation, we concluded that students who rarely exercised outside of school presented the best indices of self-regulation. However the differences between physical exercise and self-regulation did not prove statistically significant (<italic>p</italic> = 0.845, ns). Only in relation to impulse control and setting goals were the differences between groups statistically significant. Indeed, the students who never did physical exercise outside of school best demonstrated the ability to control impulses. As for setting goals, the students who reported doing physical exercise outside the school context “always or nearly always” were those who scored better on this subscale, and therefore, those who reported better capacities to establish objectives. For the subscales, the differences were found to be statistically significant (impulse control - <italic>p</italic> = 0.011, setting objectives - <italic>p</italic> = 0.023).</p>
<p>These results are in line with those postulated by <xref ref-type="bibr" rid="r22">Sniehotta et al. (2005)</xref>, who said that self-regulation skills mediate maintaining physical activity. They also mention that interventions that target self-regulation skills enable a reduction in risk factors, facilitating desired lifestyle changes.</p>
<p>When we analyze and relate the variables physical appearance, self-reported by the students, and self-regulation, we concluded that students perceiving themselves as thin revealed higher rates of self-regulation (overall), although the differences did not express statistical significance (<italic>p</italic> = 0.541, ns). At the subscale level, students who perceived themselves as overweight scored higher with regards to impulse control (<italic>p</italic> = 0.011) and those who reported having the ideal weight showed better skills at setting goals (<italic>p</italic> = 0.023).</p>
<p>In view of these results, it was found that at the level of the subscales, lifestyles influence self-regulation skills.</p>
<p>With regards to self-esteem, studies by <xref ref-type="bibr" rid="r5">Castillo and Días (2007)</xref>, <xref ref-type="bibr" rid="r8">Crocker, Brook, Niiya, and Villacorta (2006)</xref>, <xref ref-type="bibr" rid="r27">Usta and Häubl (2011)</xref> establish a relationship between it and self-regulation. These data are in line with the results we obtained, highlighting that self-esteem was found to be a negative predictor of self-regulation as a whole, with a negative correlation (<italic>r</italic> = - 0.163, <italic>p</italic> = 0.000). Thus, lower levels of self-esteem are negatively associated with the best overall self-regulation indices.</p>
<p>Lower self-esteem scores, as well as negative self-esteem, correlated inversely with the setting goals (<italic>r</italic> = - 0.356, <italic>p</italic> = 0.000 and <italic>r</italic> = - 0.466, <italic>p</italic> = 0.000, respectively). The correlations proved to be moderate. Also these two variables have been shown predictive of impulse control. Self-esteem (global) also correlated positively with setting goals (<italic>r</italic> = 0.400, <italic>p</italic> = 0.000), with higher levels of self-esteem better skills in setting goals emerge in association. These data are in line with studies by <xref ref-type="bibr" rid="r5">Castillo and Días (2007)</xref>, <xref ref-type="bibr" rid="r8">Crocker et al. (2006)</xref>, and <xref ref-type="bibr" rid="r27">Usta and Häubl (2011)</xref>.</p>
<p>With regards to the scale of adolescents’ knowledge about AIDS, significant differences (<italic>t</italic> = 5625, <italic>p</italic> = 0.000) were found, with girls having more knowledge (X = 15.41, <italic>SD</italic> = 3.92) than boys.</p>
<p>Teens aged 17 have more knowledge (X = 15:24, <italic>SD</italic> = 4.73) with significant differences (<italic>p</italic> = 0.003). Students in the 12th school year have more knowledge (X = 15.62, <italic>SD</italic> = 4:51) and those in the 10th year have less (X = 13:53, <italic>SD</italic> = 5.40) with significant differences. Teenagers whose families have higher monthly incomes have more knowledge (mean=14.80, <italic>SD</italic> =4.77). The correlations indicate that among adolescents’ knowledge about AIDS and the subscale setting goals, there is a positive and significant correlation (<italic>r</italic> = 0.224, <italic>p</italic> = 0.000), as well as with the overall value for self-regulation. Significant and negative correlations for were found for impulse control subscale (<italic>r</italic> = -0.257, <italic>p</italic> = 0.000) and not significant correlations for the overall value of self-regulation (<italic>r</italic> = -0.041, <italic>p</italic> = 0.099).</p>
<p>Performing a multiple regression showed that the subscales of impulse control and setting goals are predictors for adolescents' knowledge about AIDS, with 8.4% of the variability found in these two variables. Beta coefficients indicate that the subscale impulses has a significant negative correlation (β = - 0.200, <italic>p</italic> = 0.000) and setting goals has a positive and significant correlation (β = 0.146, <italic>p</italic> = 0.000) so we can affirm that the more the knowledge adolescents have about AIDS, the lower the impulses subscale and the higher the setting goals. The equation resulting from this multiple regression is obtained by the following formula: knowledge of adolescents about AIDS = 13.358 - 0.117 (subscale impulses) + 0.090 (setting goals).</p></sec>
<sec sec-type="conclusions"><title>Conclusions</title>
<p>The results suggest there are influence of gender and age on the acquisition of knowledge and information processing.</p>
<p>The results of our study indicate that girls have more knowledge about AIDS when compared to boys. These results are corroborated by other authors (<xref ref-type="bibr" rid="r3">Brêtas, Ohara, Jardim, &amp; Muroya, 2009</xref>; <xref ref-type="bibr" rid="r13">Giacomozzi &amp; Camargo, 2011</xref>). Regarding the influence of age on the acquisition of knowledge, several studies have found that older adolescents have more knowledge (<xref ref-type="bibr" rid="r11">Durex Network, 2010</xref>; <xref ref-type="bibr" rid="r18">Matos, Reis, Ramiro, &amp; Equipa Aventura Social, 2011</xref>) which is in line with our results.</p>
<p>We found that the subscales of self-regulation: impulse control and setting goals are predictors of adolescents’ knowledge about AIDS.</p>
<p>Recognition that HIV/AIDS is a disease whose essence is not a simple biomedical phenomenon but the direct consequence of a set of psychosocial and cultural factors, where individual behaviour is responsible for the increased spread of the disease, implies individual accountability and prevention as the paths of excellence for its eradication.</p></sec>
</body>
<back>
<ref-list><title>References</title>
<ref id="r1"><mixed-citation publication-type="journal"><person-group person-group-type="author"><name name-style="western"><surname>Araújo</surname><given-names>T. M. E.</given-names></name><name name-style="western"><surname>Monteiro</surname><given-names>C. F. S.</given-names></name><name name-style="western"><surname>Mesquita</surname><given-names>G. V.</given-names></name><name name-style="western"><surname>Alves</surname><given-names>E. L. M.</given-names></name><name name-style="western"><surname>Carvalho</surname><given-names>K. M.</given-names></name><name name-style="western"><surname>Monteiro</surname><given-names>R. M.</given-names></name></person-group> (<year>2012</year>). <article-title>Fatores de risco para infecção por HIV em adolescentes.</article-title> <source>Revista Enfermagem UERJ</source><italic>,</italic> <volume>20</volume>(<issue>2</issue>), <fpage>242</fpage>-<lpage>247</lpage>. <comment>Retrieved from </comment><ext-link ext-link-type="uri" xlink:href="http://www.facenf.uerj.br/v20n2/v20n2a17.pdf">http://www.facenf.uerj.br/v20n2/v20n2a17.pdf</ext-link></mixed-citation></ref>
<ref id="r2"><mixed-citation publication-type="journal"><person-group person-group-type="author"><name name-style="western"><surname>Bandura</surname><given-names>A.</given-names></name></person-group> (<year>2005</year>). <article-title>The primacy of self-regulation in health promotion.</article-title> <source>Applied Psychology</source>, <volume>54</volume>(<issue>2</issue>), <fpage>245</fpage>–<lpage>254</lpage>. <pub-id pub-id-type="doi">10.1111/j.1464-0597.2005.00208.x</pub-id></mixed-citation></ref>
<ref id="r3"><mixed-citation publication-type="journal"><person-group person-group-type="author"><name name-style="western"><surname>Brêtas</surname><given-names>J. R. S.</given-names></name><name name-style="western"><surname>Ohara</surname><given-names>C. V. S.</given-names></name><name name-style="western"><surname>Jardim</surname><given-names>D. P.</given-names></name><name name-style="western"><surname>Muroya</surname><given-names>R. L.</given-names></name></person-group> (<year>2009</year>). <article-title>Conhecimento sobre DST/AIDS por estudantes adolescentes.</article-title> <source>Revista da Escola de Enfermagem da USP</source>, <volume>43</volume>(<issue>3</issue>), <fpage>551</fpage>–<lpage>557</lpage>. <comment>Retrieved from </comment><ext-link ext-link-type="uri" xlink:href="http://www.scielo.br/pdf/reeusp/v43n3/a08v43n3.pdf">http://www.scielo.br/pdf/reeusp/v43n3/a08v43n3.pdf</ext-link>. <pub-id pub-id-type="doi">10.1590/S0080-62342009000300008</pub-id><pub-id pub-id-type="pmid">19842585</pub-id></mixed-citation></ref>
<ref id="r4"><mixed-citation publication-type="journal"><person-group person-group-type="author"><name name-style="western"><surname>Carey</surname><given-names>K. B.</given-names></name><name name-style="western"><surname>Neal</surname><given-names>D. J.</given-names></name><name name-style="western"><surname>Collins</surname><given-names>S. E.</given-names></name></person-group> (<year>2004</year>). <article-title>A psychometric analysis of the self-regulation questionnaire.</article-title> <source>Addictive Behaviors</source>, <volume>29</volume>(<issue>2</issue>), <fpage>253</fpage>–<lpage>260</lpage>. <pub-id pub-id-type="doi">10.1016/j.addbeh.2003.08.001</pub-id><pub-id pub-id-type="pmid">14732414</pub-id></mixed-citation></ref>
<ref id="r5"><mixed-citation publication-type="journal"><person-group person-group-type="author"><name name-style="western"><surname>Castillo</surname><given-names>J. A. G.</given-names></name><name name-style="western"><surname>Días</surname><given-names>P.</given-names></name></person-group> (<year>2007</year>). <article-title>Análisis relacional entre los factores de protección, resiliencia, autorregulación y consumo de drogas.</article-title> <source>Salud y Drogas</source>, <volume>7</volume>(<issue>2</issue>), <fpage>309</fpage>–<lpage>332</lpage>.</mixed-citation></ref>
<ref id="r6"><mixed-citation publication-type="journal"><person-group person-group-type="author"><name name-style="western"><surname>Castillo</surname><given-names>J. A. G.</given-names></name><name name-style="western"><surname>Días</surname><given-names>P. C.</given-names></name></person-group> (<year>2009</year>). <article-title>Auto-regulação, resiliência e consumo de substâncias na adolescência: Contributos da adaptação do questionário reduzido de auto-regulação.</article-title> <source>Psicologia, Saúde &amp; Doenças</source>, <volume>10</volume>(<issue>2</issue>), <fpage>205</fpage>–<lpage>216</lpage>.</mixed-citation></ref>
<ref id="r7"><mixed-citation publication-type="thesis"><person-group person-group-type="author"><name name-style="western"><surname>Castro</surname><given-names>M. S. N.</given-names></name></person-group> (<year>2007</year>). <source>Processos de auto-regulação da aprendizagem: Impacto de variáveis académicas e sociais (Unpublished doctoral dissertation).</source>. Instituto de Educação e Psicologia da Universidade do Minho, Braga, Portugal.</mixed-citation></ref>
<ref id="r8"><mixed-citation publication-type="journal"><person-group person-group-type="author"><name name-style="western"><surname>Crocker</surname><given-names>J.</given-names></name><name name-style="western"><surname>Brook</surname><given-names>A. T.</given-names></name><name name-style="western"><surname>Niiya</surname><given-names>Y.</given-names></name><name name-style="western"><surname>Villacorta</surname><given-names>M.</given-names></name></person-group> (<year>2006</year>). <article-title>The pursuit of self-esteem: Contingencies of self-worth and self-regulation.</article-title> <source>Journal of Personality</source>, <volume>74</volume>(<issue>6</issue>), <fpage>1749</fpage>–<lpage>1771</lpage>. <pub-id pub-id-type="doi">10.1111/j.1467-6494.2006.00427.x</pub-id><pub-id pub-id-type="pmid">17083665</pub-id></mixed-citation></ref>
<ref id="r9"><mixed-citation publication-type="book"><person-group person-group-type="author"><name name-style="western"><surname>Ridder</surname><given-names>D.</given-names></name><name name-style="western"><surname>Wit</surname><given-names>J.</given-names></name></person-group> (<year>2006</year>). <source>Self-regulation in health behavior.</source>. Chichester, United Kingdom: Wiley.</mixed-citation></ref>
<ref id="r10"><mixed-citation publication-type="book"><person-group person-group-type="author"><name name-style="western"><surname>Ridder</surname><given-names>D.</given-names></name><name name-style="western"><surname>Wit</surname><given-names>J.</given-names></name></person-group> (<year>2006</year>). <source>Chichester, England: John Wiley &amp; Sons.</source>. Retrieved from http://selfregulationlab.nl/wp-content/uploads/2012/04/De-Ridder-De-Wit-2006-chapter1.pdf</mixed-citation></ref>
<ref id="r11"><mixed-citation publication-type="web">Durex Network. (2010). <italic>The face of global sex 2010.</italic> Retrieved from <ext-link ext-link-type="uri" xlink:href="http://www.durexnetwork.org/SiteCollectionDocuments/The%20Face%20of%20Global%20Sex%202010.pdf">http://www.durexnetwork.org/SiteCollectionDocuments/The%20Face%20of%20Global%20Sex%202010.pdf</ext-link></mixed-citation></ref>
<ref id="r12"><mixed-citation publication-type="book"><person-group person-group-type="author"><name name-style="western"><surname>Fonseca</surname><given-names>H.</given-names></name></person-group> (<year>2005</year>). <source>Viver com adolescentes (3rd ed.</source>.). Lisbon, Portugal: Editorial Presença.</mixed-citation></ref>
<ref id="r13"><mixed-citation publication-type="journal"><person-group person-group-type="author"><name name-style="western"><surname>Giacomozzi</surname><given-names>A. I.</given-names></name><name name-style="western"><surname>Camargo</surname><given-names>B. V.</given-names></name></person-group> (<year>2011</year>). <article-title>Vulnerabilidade de adolescentes afrodescendentes e caucasianos em relação ao HIV, SIDA: Comparative study between Brazil and France.</article-title> <source>Psicologia, Saúde &amp; Doenças</source>, <volume>12</volume>(<issue>1</issue>), <fpage>143</fpage>–<lpage>160</lpage>.</mixed-citation></ref>
<ref id="r14"><mixed-citation publication-type="book"><person-group person-group-type="author"><name name-style="western"><surname>Gibbons</surname><given-names>F. X.</given-names></name><name name-style="western"><surname>Gerrard</surname><given-names>M.</given-names></name><name name-style="western"><surname>Reimer</surname><given-names>R. A.</given-names></name><name name-style="western"><surname>Pommery</surname><given-names>E. A.</given-names></name></person-group> (<year>2006</year>). <chapter-title>Unintentional behavior: A subrational approach to health risk.</chapter-title><person-group person-group-type="editor"><name name-style="western"><surname>Denise</surname><given-names>T. D. R.</given-names></name><name name-style="western"><surname>Wit</surname><given-names>J. B. F.</given-names></name></person-group><source>Self-regulation in health behavior</source> (pp. 45-70). Chichester, England: John Wiley &amp; Sons.</mixed-citation></ref>
<ref id="r15"><mixed-citation publication-type="journal"><person-group person-group-type="author"><name name-style="western"><surname>Hustad</surname><given-names>J.</given-names></name><name name-style="western"><surname>Carey</surname><given-names>K.</given-names></name><name name-style="western"><surname>Carey</surname><given-names>M.</given-names></name><name name-style="western"><surname>Maisto</surname><given-names>S.</given-names></name></person-group> (<year>2009</year>). <article-title>Self-regulation, alcohol consumption, and consequences in college student heavy drinkers: A simultaneous latent growth analysis.</article-title> <source>Journal of Studies on Alcohol and Drugs</source>, <volume>70</volume>, <fpage>373</fpage>–<lpage>382</lpage>.</mixed-citation></ref>
<ref id="r16"><mixed-citation publication-type="journal"><person-group person-group-type="author"><name name-style="western"><surname>Karoly</surname><given-names>P.</given-names></name></person-group> (<year>1993</year>). <article-title>Mechanisms of self-regulation: A systems view.</article-title> <source>Annual Review of Psychology</source>, <volume>44</volume>, <fpage>23</fpage>–<lpage>52</lpage>. <pub-id pub-id-type="doi">10.1146/annurev.ps.44.020193.000323</pub-id></mixed-citation></ref>
<ref id="r17"><mixed-citation publication-type="book"><person-group person-group-type="author"><name name-style="western"><surname>Lucas</surname><given-names>J. S.</given-names></name></person-group> (<year>1993</year>). <source>SIDA: A sexualidade desprevenida dos portugueses.</source>. Lisboa, Portugal: McGraw-Hill.</mixed-citation></ref>
<ref id="r18"><mixed-citation publication-type="web"><person-group person-group-type="author"><name name-style="western"><surname>Matos</surname><given-names>M.</given-names></name><name name-style="western"><surname>Reis</surname><given-names>M.</given-names></name><name name-style="western"><surname>Ramiro</surname><given-names>L.</given-names></name></person-group> (<year>2011</year>). <source>Saúde sexual e reprodutiva dos estudantes do ensino superior: Relatório do estudo, dados nacionais 2010 (Report).</source>. Retrieved from http://aventurasocial.com/arquivo/1303148036_Relatorio_HBSC__SSREU.pdf</mixed-citation></ref>
<ref id="r19"><mixed-citation publication-type="journal"><person-group person-group-type="author"><name name-style="western"><surname>Neal</surname><given-names>D. J.</given-names></name><name name-style="western"><surname>Carey</surname><given-names>K. B.</given-names></name></person-group> (<year>2005</year>). <article-title>A follow-up psychometric analysis of the self-regulation questionnaire.</article-title> <source>Psychology of Addictive Behaviors</source>, <volume>19</volume>(<issue>4</issue>), <fpage>414</fpage>–<lpage>422</lpage>.</mixed-citation></ref>
<ref id="r20"><mixed-citation publication-type="book"><person-group person-group-type="author"><name name-style="western"><surname>Pereira</surname><given-names>J. L.</given-names></name><name name-style="western"><surname>Fanelli</surname><given-names>C.</given-names></name><name name-style="western"><surname>Pereira</surname><given-names>R. C.</given-names></name><name name-style="western"><surname>Rios</surname><given-names>S.</given-names></name></person-group> (<year>2007</year>). <source>Sexualidade na adolescência no novo milénio.</source>. Rio de Janeiro, Brasil: Universidade Federal.</mixed-citation></ref>
<ref id="r21"><mixed-citation publication-type="journal"><person-group person-group-type="author"><name name-style="western"><surname>Rosário</surname><given-names>P.</given-names></name><name name-style="western"><surname>Soares</surname><given-names>S.</given-names></name><name name-style="western"><surname>Núñez</surname><given-names>J. C.</given-names></name><name name-style="western"><surname>González-Pienda</surname><given-names>J.</given-names></name><name name-style="western"><surname>Rúbio</surname><given-names>M.</given-names></name></person-group> (<year>2004</year>). <article-title>Processos de auto-regulação da aprendizagem e realização escolar no ensino básico.</article-title> <source>Psicologia Educação Cultura</source>, <volume>8</volume>(<issue>1</issue>), <fpage>141</fpage>–<lpage>157</lpage>.</mixed-citation></ref>
<ref id="r22"><mixed-citation publication-type="journal"><person-group person-group-type="author"><name name-style="western"><surname>Sniehotta</surname><given-names>F.</given-names></name><name name-style="western"><surname>Scholz</surname><given-names>U.</given-names></name><name name-style="western"><surname>Schwarzer</surname><given-names>R.</given-names></name><name name-style="western"><surname>Fuhrmann</surname><given-names>B.</given-names></name><name name-style="western"><surname>Kiwus</surname><given-names>U.</given-names></name><name name-style="western"><surname>Völler</surname><given-names>H.</given-names></name></person-group> (<year>2005</year>). <article-title>Long-term effects of two psychological interventions on physical exercise and self-regulation following coronary rehabilitation.</article-title> <source>International Journal of Behavioral Medicine</source>, <volume>12</volume>(<issue>4</issue>), <fpage>244</fpage>–<lpage>255</lpage>. <comment>Retrieved from </comment><ext-link ext-link-type="uri" xlink:href="http://link.springer.com/article/10.1207%2Fs15327558ijbm1204_5#page-2">http://link.springer.com/article/10.1207%2Fs15327558ijbm1204_5#page-2</ext-link>.</mixed-citation></ref>
<ref id="r23"><mixed-citation publication-type="book"><person-group person-group-type="author"><name name-style="western"><surname>Sprinthall</surname><given-names>N. A.</given-names></name><name name-style="western"><surname>Collins</surname><given-names>W. A.</given-names></name></person-group> (<year>2003</year>). <source>Psicologia do adolescente: Uma abordagem desenvolvimentista (3rd ed.</source>.). Lisbon, Portugal: Fundação Calouste Gulbenkian.</mixed-citation></ref>
<ref id="r24"><mixed-citation publication-type="journal"><person-group person-group-type="author"><name name-style="western"><surname>Thiengo</surname><given-names>M. A.</given-names></name><name name-style="western"><surname>Oliveira</surname><given-names>D. C.</given-names></name><name name-style="western"><surname>Rodrigues</surname><given-names>B. M. R. D.</given-names></name></person-group> (<year>2005</year>). <article-title>Representações sociais do HIV/AIDS entre adolescentes: Implicações para os cuidados de enfermagem.</article-title> <source>Revista da Escola de Enfermagem da USP</source>, <volume>39</volume>(<issue>1</issue>), <fpage>68</fpage>–<lpage>76</lpage>. <comment>Retrieved from </comment><ext-link ext-link-type="uri" xlink:href="http://www.scielo.br/pdf/reeusp/v39n1/a09v39n1.pdf">http://www.scielo.br/pdf/reeusp/v39n1/a09v39n1.pdf</ext-link>.</mixed-citation></ref>
<ref id="r25"><mixed-citation publication-type="web">UNAIDS. (1999). <italic>Mudança de comportamento sexual em relação ao HIV: Até aonde nos levaram as teorias</italic> (Report). Geneva, Switzerland: Author. Retrieved from <ext-link ext-link-type="uri" xlink:href="http://redesida.web.ua.pt/dados%5CComportamento.pdf">http://redesida.web.ua.pt/dados%5CComportamento.pdf</ext-link></mixed-citation></ref>
<ref id="r26"><mixed-citation publication-type="web">UNICEF. (2011). <italic>Situação da adolescência Brasileira 2011 – O direito de ser adolescente: Oportunidade para reduzir vulnerabilidades e superar desigualdades</italic> (Report). Brasília, Brasil: Author. Retrieved from <ext-link ext-link-type="uri" xlink:href="http://www.unicef.org/brazil/pt/br_sabrep11.pdf">http://www.unicef.org/brazil/pt/br_sabrep11.pdf</ext-link></mixed-citation></ref>
<ref id="r27"><mixed-citation publication-type="journal"><person-group person-group-type="author"><name name-style="western"><surname>Usta</surname><given-names>M.</given-names></name><name name-style="western"><surname>Häubl</surname><given-names>G.</given-names></name></person-group> (<year>2011</year>). <article-title>Self-regulatory strength and consumers´ relinquishment of decision control: When less effortful decisions are more resource depleting.</article-title> <source>JMR, Journal of Marketing Research</source>, <volume>48</volume>, <fpage>403</fpage>–<lpage>412</lpage>.</mixed-citation></ref>
<ref id="r28"><mixed-citation publication-type="web"><person-group person-group-type="author"><name name-style="western"><surname>Zimet</surname><given-names>G. D.</given-names></name></person-group> (<year>1989</year>). <source>Adolescent AIDS knowledge scale.</source>. Retrieved from http://cw.routledge.com/textbooks/9780415801751/resources/Zimet_AAKS.doc</mixed-citation></ref>
</ref-list>
</back>
</article>