<?xml version="1.0" encoding="UTF-8"?><article xmlns:mml="http://www.w3.org/1998/Math/MathML" xmlns:xlink="http://www.w3.org/1999/xlink" xmlns:xsi="http://www.w3.org/2001/XMLSchema-instance" article-type="research-article" dtd-version="1.0" xml:lang="en">
<front>
<journal-meta>
<journal-id journal-id-type="publisher-id">EJOP</journal-id>
<journal-id journal-id-type="nlm-ta">Eur J Psychol</journal-id>
<journal-title-group>
<journal-title>Europe's Journal of Psychology</journal-title>
<abbrev-journal-title abbrev-type="pubmed">Eur. J. Psychol.</abbrev-journal-title>
</journal-title-group>
<issn pub-type="epub">1841-0413</issn>
<publisher><publisher-name>PsychOpen</publisher-name></publisher>
</journal-meta>
<article-meta>
<article-id pub-id-type="publisher-id">ejop.v10i3.752</article-id>
<article-id pub-id-type="doi">10.5964/ejop.v10i3.752</article-id>
<article-categories><subj-group subj-group-type="heading"><subject>Research Reports</subject></subj-group></article-categories>
<title-group>
<article-title>Humor Styles and the Intolerance of Uncertainty Model of Generalized Anxiety</article-title>
<alt-title alt-title-type="right-running">Humor Styles and Anxiety</alt-title>
</title-group>
<contrib-group>
<contrib contrib-type="author" corresp="yes"><name name-style="western"><surname>Kuiper</surname><given-names>Nicholas A.</given-names></name><xref ref-type="corresp" rid="cor1">*</xref><xref ref-type="aff" rid="aff1"><sup>a</sup></xref></contrib>
<contrib contrib-type="author"><name name-style="western"><surname>Klein</surname><given-names>Dana</given-names></name><xref ref-type="aff" rid="aff1"><sup>a</sup></xref></contrib>
<contrib contrib-type="author"><name name-style="western"><surname>Vertes</surname><given-names>Jaclyn</given-names></name><xref ref-type="aff" rid="aff1"><sup>a</sup></xref></contrib>
<contrib contrib-type="author"><name name-style="western"><surname>Maiolino</surname><given-names>Nadia Brittany</given-names></name><xref ref-type="aff" rid="aff1"><sup>a</sup></xref></contrib>
<contrib contrib-type="editor">
<name>
<surname>Kuiper</surname>
<given-names>Nicholas A.</given-names>
</name>
<xref ref-type="aff" rid="aff2"/>
</contrib>
<aff id="aff1"><label>a</label>Department of Psychology, University of Western Ontario, London, Ontario, <country>Canada</country></aff>
<aff id="aff2">University of Western Ontario, London, <country>Canada</country></aff>
</contrib-group>
<author-notes>
<corresp id="cor1"><label>*</label>University of Western Ontario, Department of Psychology, Westminster Hall, London, Ontario, Canada N6A 3K7. <email xlink:href="kuiper@uwo.ca">kuiper@uwo.ca</email></corresp>
</author-notes>
<pub-date pub-type="epub"><day>13</day><month>08</month><year>2014</year></pub-date>
<volume>10</volume>
<issue>3</issue>
<fpage>543</fpage>
<lpage>556</lpage>
<history>
<date date-type="received">
<day>20</day>
<month>01</month>
<year>2014</year>
</date>
<date date-type="accepted">
<day>17</day>
<month>03</month>
<year>2014</year>
</date>
</history>
<permissions><copyright-year/><license license-type="open-access" xlink:href="http://creativecommons.org/licenses/by/3.0/"><license-p>This is an open-access article distributed under the terms of the Creative Commons Attribution License, which permits unrestricted use, distribution, and reproduction in any medium, provided the original work is properly cited.</license-p></license></permissions>
<abstract>
<p>Past research suggests that sense of humor may play a role in anxiety. The present study builds upon this work by exploring how individual differences in various humor styles, such as affiliative, self-enhancing, and self-defeating humor, may fit within a contemporary research model of anxiety. In this model, intolerance of uncertainty is a fundamental personality characteristic that heightens excessive worry, thus increasing anxiety. We further propose that greater intolerance of uncertainty may also suppress the use of adaptive humor (affiliate and self-enhancing), and foster the increased use of maladaptive self-defeating humor. Initial correlational analyses provide empirical support for these proposals. In addition, we found that excessive worry and affiliative humor both served as significant mediators. In particular, heightened intolerance of uncertainty lead to both excessive worry and a reduction in affiliative humor use, which, in turn, increased anxiety. We also explored potential humor mediating effects for each of the individual worry content domains in this model. These analyses confirmed the importance of affiliative humor as a mediator for worry pertaining to a wide range of content domains (e.g., relationships, lack of confidence, the future and work). These findings were then discussed in terms of a combined model that considers how humor styles may impact the social sharing of positive and negative emotions.</p>
</abstract>
<kwd-group kwd-group-type="author"><kwd>humor styles</kwd><kwd>intolerance of uncertainty</kwd><kwd>worry</kwd><kwd>generalized anxiety</kwd><kwd>psychological well-being</kwd></kwd-group>
</article-meta>
</front>
<body>
<sec sec-type="intro"><title>Introduction</title>
<p>In this study we describe and empirically test several proposed relationships between an individual’s sense of humor and their level of anxiety. Initial support for exploring these relationships has been obtained in several prior research studies in the humor domain. As one illustration, <xref ref-type="bibr" rid="r1">Abel (2002)</xref> found that those with a greater sense of humor reported less anxiety and stress pertaining to everyday life experiences than those with less humor. Drawing upon previous humor research by <xref ref-type="bibr" rid="r14">Kuiper, McKenzie, and Belanger (1995)</xref>, Abel attributed this distinction to differences in the cognitive appraisal process, suggesting that those with greater levels of humor also generate more positive challenge appraisals and fewer negative threat appraisals when encountering stressful life events. <xref ref-type="bibr" rid="r2">Abel and Maxwell (2002)</xref> also reported similar findings, with more humorous individuals coping better with stress and displaying less anxiety. Furthermore, it has been found that individuals with a greater sense of humor generally report fewer worries on a daily basis (<xref ref-type="bibr" rid="r8">Kelly, 2002</xref>).</p>
<p>In light of these findings, additional research has provided further investigations of possible relationships between sense of humor and anxiety. Using the Humor Styles Questionnaire (HSQ) to assess four distinct individual difference styles of humor (i.e., affiliative, self-enhancing, aggressive, and self-defeating), investigators have found different patterns of relationships between these humor styles and anxiety (<xref ref-type="bibr" rid="r12">Kuiper, Grimshaw, Leite, &amp; Kirsh, 2004</xref>; <xref ref-type="bibr" rid="r15">Martin 2007</xref>; <xref ref-type="bibr" rid="r16">Martin, Puhlik-Doris, Larsen, Gray, &amp; Weir, 2003</xref>). In particular, greater affiliative humor, which involves generating and sharing humor in a social context to improve relationships and make others laugh, has been associated with lower anxiety. In a similar manner, a higher level of self-enhancing humor, which involves using humor as an effective coping technique for dealing with life stressors, has also been linked to reduced anxiety. In contrast, a higher level of self-defeating humor, which involves the use of humor in a self-disparaging, negative manner to put oneself down, has been linked to higher levels of anxiety. Finally, the remaining humor style of aggressive humor has generally been found to be unrelated to anxiety level.</p>
<p>Taken together, the above research clearly points to different types of relationships between various humor styles and anxiety. In particular, the two adaptive styles of affiliative and self-enhancing humor appear to be beneficial, as increased use of these styles helps to reduce anxiety levels. In contrast, the maladaptive self-defeating humor style appears to be detrimental, as increased use of this style is associated with greater anxiety.</p>
<p>This prior research has also suggested several possible mechanisms that may help explain why the humor styles are differentially related to anxiety (<xref ref-type="bibr" rid="r10">Kuiper, 2012</xref>; <xref ref-type="bibr" rid="r12">Kuiper et al., 2004</xref>; <xref ref-type="bibr" rid="r15">Martin, 2007</xref>). These proposed underlying processes include humor style differences in employing: (1) reframing strategies for stressful events (e.g., cognitive reappraisals and/or a change of perspective via self-enhancing humor); (2) distraction and distancing techniques (via affiliative humor), (3) emotion regulation strategies (via both self-enhancing and affiliative humor), and (4) the use of a self-degrading interpersonal presentation style (via self-defeating humor). Overall, this research provides some initial empirical support for the intriguing notion that certain humor styles may actually contribute to increased anxiety, whereas other styles may help buffer the individual from anxiety.</p>
<p>The present study builds upon this prior work by conducting a conceptually driven examination of the various relationships between humor styles and anxiety. Although the research described above has certainly been informative, it has generally been conducted with only minimal consideration of contemporary theory-based models of anxiety. In other words, our conceptual understanding of the role of humor styles in anxiety has not yet been well-grounded in the anxiety research literature. Little regard has been given thus far to prominent theoretical models of anxiety, and their associated research findings, when attempting to understand the possible contribution of humor styles to anxiety.</p>
<p>The present study directly addresses this issue by conceptually integrating the humor styles approach with an intolerance of uncertainty model of generalized anxiety (<xref ref-type="bibr" rid="r3">Behar, DiMarco, Hekler, Mohlman, &amp; Staples, 2009</xref>; <xref ref-type="bibr" rid="r6">Dugas, Marchand, &amp; Ladouceur, 2005</xref>). We begin by briefly describing this intolerance of uncertainty model of anxiety. This is followed by a detailed consideration of how humor styles may also be involved in this model, to either reduce or enhance levels of anxiety. This combined model is then empirically assessed in terms of its utility in furthering our understanding of the role of humor in anxiety.</p>
<sec><title>The Intolerance of Uncertainty Model of Generalized Anxiety</title>
<p>Considerable research has now accrued to empirically support an intolerance of uncertainty model of generalized anxiety (<xref ref-type="bibr" rid="r3">Behar et al., 2009</xref>; <xref ref-type="bibr" rid="r6">Dugas et al., 2005</xref>; <xref ref-type="bibr" rid="r17">McEvoy &amp; Mahoney, 2013</xref>). Generalized anxiety is a pervasive negative mood state, with the key feature being chronic and intense worry. This excessive worry can focus on a wide variety of life events and experiences, including relationships with others, safety and health concerns about one’s self or others, performance at school or work, financial issues, and what the future may hold (<xref ref-type="bibr" rid="r3">Behar et al., 2009</xref>; <xref ref-type="bibr" rid="r5">Dozois &amp; Westra, 2004</xref>). Individuals experiencing generalized anxiety also display further cognitive, behavioral, physical, and emotional manifestations. These include disruptions in cognitive flexibility and concentration, a perceived lack of control and confidence in problem solving, heightened irritability, nausea, headaches, profuse sweating, and sleep disturbance. As such, generalized anxiety can be extremely debilitating and interfere significantly with daily functioning.</p>
<p>In this model, generalized anxiety stems from a fundamental personality disposition to be highly intolerant of uncertainty (<xref ref-type="bibr" rid="r6">Dugas et al., 2005</xref>; <xref ref-type="bibr" rid="r9">Koerner &amp; Dugas, 2008</xref>; <xref ref-type="bibr" rid="r17">McEvoy &amp; Mahoney, 2013</xref>). This underlying cognitive vulnerability factor consists of a strong negative bias in perceiving and responding to daily life situations. Routine life events and experiences are typically viewed as being ambiguous or uncertain, resulting in increased worry. Heightened intolerance of uncertainty thus results in chronic and excessive worry that can span several major content domains, including concerns over relationships, finances, work, and the future.</p>
<p>In order to provide a theoretical-empirical foundation for examining the role of humor in anxiety, we tested the predictive utility of the above model by using mediator analysis. Here, we expected that excessive worry would serve as a mediator between heightened levels of intolerance of uncertainty and increased anxiety. Such a pattern would be consistent with the basic premise of this model, namely, that heightened intolerance of uncertainty serves to increase worry, which then results in greater anxiety.</p></sec>
<sec><title>Humor Styles in the Intolerance of Uncertainty Model of Anxiety</title>
<p>In general, we propose that the certain humor styles may serve as additional mediators between intolerance of uncertainty and anxiety. Individuals with a greater intolerance of uncertainty typically exhibit greater levels of negative arousal and stress (<xref ref-type="bibr" rid="r9">Koerner &amp; Dugas, 2008</xref>). In turn, we suggest that this detrimental impact of heightened intolerance of uncertainty also has a suppressing effect on the use of affiliative humor, which is typically interjected into light-hearted and spontaneous conversational banter. This chronic negative arousal and stress may also has a detrimental impact on cognitive and social information processing abilities, as it restricts cognitive flexibility and breadth of attention. These information processing restrictions then limit the ability to engage in beneficial cognitive reappraisals and/or changes in perspective, two of the primary processes underling effective coping via self-enhancing humor (<xref ref-type="bibr" rid="r10">Kuiper, 2012</xref>). As such, the increased stress associated with heightened levels of intolerance of uncertainty may also suppress the use of self-enhancing humor. Furthermore, in an attempt to alleviate this negative arousal and stress, we also propose that individuals with heightened intolerance of uncertainty would also favor the increased use of maladaptive coping strategies, such as self-defeating humor. Further details of these aspects of our combined model of humor and anxiety are described below.</p>
<sec><title>Affiliative Humor</title>
<p>The nonhostile jokes, witty comments, and spontaneous lighthearted banter associated with affiliative humor can help enhance social relationships, reduce interpersonal tension and conflict, maintain group cohesiveness, and increase group morale (<xref ref-type="bibr" rid="r15">Martin, 2007</xref>; <xref ref-type="bibr" rid="r21">Samson, Lackner, Weiss, &amp; Papousek, 2012</xref>). However, for those with greater intolerance of uncertainty, the negative arousal and stress they chronically experience makes it more difficult to act in this spontaneous, carefree, and playful manner; and thus enjoy and benefit from innocuous affiliative humor with others. As such, we expected that heightened intolerance of uncertainty would have a considerable suppressing effect on affiliative humor.</p>
<p>In turn, this suppressing effect on affiliative humor use would limit the social sharing of both positive and negative emotions (<xref ref-type="bibr" rid="r20">Rimé, 2009</xref>). Affiliative humor generates enhanced opportunities for a variety of positive emotions to be expressed and shared, including mirth, amusement, joy and exhilaration (<xref ref-type="bibr" rid="r15">Martin, 2007</xref>; <xref ref-type="bibr" rid="r21">Samson et al., 2012</xref>). These emotions, which can contribute to the growth of a more positive and healthy self-concept (<xref ref-type="bibr" rid="r10">Kuiper, 2012</xref>), are reduced, however, by the suppression of affiliative humor use by those with heightened intolerance of uncertainty. This reduction also limits opportunities to humorously share negative emotions of stress and arousal with others (in an attempt to emotionally regulate these undesired emotions), again resulting in greater levels of anxiety for those with heightened intolerance of uncertainty. Thus, we expected that affiliative humor would also be a significant mediator in our model, with heightened untolerance of uncertainty leading to the suppression of affiliative humor, which, in turn, would contribute to greater anxiety.</p></sec>
<sec><title>Self-Enhancing Humor</title>
<p>Individuals who use self-enhancing humor generally view their life circumstances and surroundings from a contemplative humorous stance, and maintain a positive perspective despite adversity and stress. Self-enhancing humor is used as a coping strategy to both buffer the self against this stress and regulate negative emotions, but not at the expense of others (<xref ref-type="bibr" rid="r15">Martin, 2007</xref>). The use of self-enhancing humor may be suppressed, however, by the chronic negative arousal and stress that accompanies intolerance of uncertainty. In addition, the reduced cognitive attention and flexibility that accompanies heightened intolerance of uncertainty interferes significantly with the ability to look at thoughts or ideas from a different perspective, making the generation and effective use of self-enhancing humor much more difficult and unlikely. This reduction in a particularly effective humorous coping strategy for dealing with stress and other negative emotions then leaves these individuals susceptible to increased anxiety.</p></sec>
<sec><title>Self-Defeating Humor</title>
<p>This maladaptive humor style is typically used in a misguided attempt to reduce stress, and also to try and gain the approval of others via ingratiating and self-degrading humorous comments (<xref ref-type="bibr" rid="r15">Martin, 2007</xref>). As such, the use of this humor style ultimately serves to hide negative feelings about the self and avoid dealing with problems of emotional neediness. The end result is that self-defeating humor is related to less resilience in dealing with life’s problems, reduced satisfaction with social support, lower self-esteem, and greater depression (<xref ref-type="bibr" rid="r10">Kuiper, 2012</xref>).</p>
<p>The negative arousal and stress that accompanies heightened intolerance of uncertainty is quite aversive for the individual, resulting in various coping attempts to reduce this unwanted state. Consistent with their cognitive bias towards negative interpretations of their own abilities, we propose that individuals with greater intolerance of uncertainty also favor a self-defeating humor style, as this style intersects well with their negative view of self. Unfortunately, however, the increased use of self-defeating humor also leads to greater rejection by others, not only during social interactions, but also in terms of less willingness to interact with that individual in future situations (<xref ref-type="bibr" rid="r13">Kuiper, Kirsh, &amp; Leite, 2010</xref>). This increasing social isolation reduces social support for the individual with heightened intolerance of uncertainty, thus limiting further opportunities for the social sharing of both positive and negative emotions (<xref ref-type="bibr" rid="r20">Rimé, 2009</xref>). Ultimately, this contributes to the enhanced levels of generalized anxiety exhibited by these individuals.</p></sec>
<sec><title>Aggressive Humor</title>
<p>This humor style is used to put down others, with little concern for how they might subsequently feel or react (<xref ref-type="bibr" rid="r15">Martin, 2007</xref>). Aggressive styles of humor, such as teasing, ridicule, sarcasm, and disparagement tend to alienate other individuals; and thus impair social and interpersonal relationships. As such, aggressive humor use could ultimately limit opportunities for genuine and sustained social sharing of both positive and negative emotions (<xref ref-type="bibr" rid="r20">Rimé, 2009</xref>), possibly resulting in an increase in anxiety. It is important to note, however, that past research offers no support for a relationship between aggressive humor and anxiety (<xref ref-type="bibr" rid="r12">Kuiper et al., 2004</xref>; <xref ref-type="bibr" rid="r15">Martin, 2007</xref>; <xref ref-type="bibr" rid="r16">Martin et al., 2003</xref>). As such, we do not expect this particular humor style to be related significantly to anxiety.</p></sec></sec>
<sec><title>Humor Styles and the Content Domains of Worry</title>
<p>Finally, we investigated the potential role of humor styles with regards to each of the five worry content domains in the intolerance of uncertainty model of anxiety (<xref ref-type="bibr" rid="r6">Dugas et al., 2005</xref>; <xref ref-type="bibr" rid="r9">Koerner &amp; Dugas, 2008</xref>). Thus, in addition to our primary focus on excessive worry, as described earlier, we also examined how the humor styles may relate to each specific domain of worry in this model. These domains include worry about relationships, the future, amount of confidence, work issues, and financial matters (<xref ref-type="bibr" rid="r3">Behar et al., 2009</xref>). Here, we first considered the degree to which worry in each of these five content domains was associated with the possible reduction of affiliative and self-enhancing humor use, as well as the increased use of self-defeating humor. Following this, we then tested the degree to which these three humor styles may also mediate the relationships between worry in a specific content domain and increased levels of generalized anxiety. By doing so, we could then determine more precisely the degree to which specific content domains of worry may also enter into our combined model of generalized anxiety.</p></sec></sec>
<sec sec-type="methods"><title>Method</title>
<sec><title>Participants</title>
<p>Ninety-one students (76 females and 15 males) enrolled in psychology courses at the University of Western Ontario participated in this study. Participants ranged in age from 17 to 25 years (<italic>M</italic> = 18.62, <italic>SD</italic> = 1.13), and were recruited from the Psychology Department Research Participation Pool, using standard sign-up procedures. Participants received research credit for their participation.</p></sec>
<sec><title>Measures</title>
<sec><title>Intolerance of Uncertainty</title>
<p>The Intolerance of Uncertainty Scale (IUS; <xref ref-type="bibr" rid="r7">Freeston, Rhéaume, Letarte, Dugas, &amp; Ladouceur, 1994</xref>) consists of 27 self-report items, each rated on a 5-point Likert scale ranging from 1 (<italic>not at all characteristic of me</italic>) to 5 (<italic>entirely characteristic of me</italic>). This scale investigates degree of apprehension towards uncertain future situations, reactivity to ambiguity, and responses to general uncertainty. Example items are, “My mind can’t be relaxed if I don’t know what will happen tomorrow,” and “The ambiguities in life stress me.” The psychometric characteristics of the IUS are very good, with strong internal consistency, test-retest reliability, and high construct validity (<xref ref-type="bibr" rid="r7">Freeston et al., 1994</xref>).</p></sec>
<sec><title>Excessive Worry</title>
<p>The Penn State Worry Questionnaire (PSWQ; <xref ref-type="bibr" rid="r18">Meyer, Miller, Metzger, &amp; Borkovec, 1990</xref>) consists of 16 items designed to assess excessive worry over time and across situations. Participants rate each item on a 1 to 5 scale, with 1 indicating the item was not at all typical, and 5 indicating the item was very typical of them. Examples items are “My worries overwhelm me,” and “I’ve been a worrier all my life.” The PSWQ displays good internal consistency and construct validity.</p></sec>
<sec><title>Generalized Anxiety</title>
<p>The Costello-Comrey Anxiety Scale (CCAS; <xref ref-type="bibr" rid="r4">Costello &amp; Comrey, 1967</xref>) consists of 9 items that assess symptoms of anxiety in the general population. Participants rate each item on a 1 to 4 scale; with 1 indicating that they had rarely or never experienced the symptom during the past week, and 4 indicating that they experienced the symptom most of the time during the past week. Example items are, “I am a very nervous person,” and “I am a tense, ‘high-strung’ person.” There is good construct validity for the CCAS, with scores correlating significantly with other measures of anxiety. Reliability for the CCAS is also quite acceptable.</p></sec>
<sec><title>Humor Styles</title>
<p>The Humor Styles Questionnaire (HSQ; <xref ref-type="bibr" rid="r16">Martin et al., 2003</xref>) consists of 32 self-report items, divided into four separate sub-scales (8 items each) measuring each humor style (affiliative, self-enhancing, aggressive, and self-defeating). Items are rated on a 7-point Likert scale ranging from 1 (<italic>Totally Disagree</italic>) to 7 (<italic>Totally Agree</italic>). Example items are: “I laugh and joke a lot with my closest friends” (affiliative humor); “If I am feeling depressed, I can usually cheer myself up with humor” (self-enhancing humor); “If someone makes a mistake, I will often tease them about it” (aggressive humor) and; “I let people laugh at me or make fun at my expense more than I should” (self-defeating humor). Considerable research has shown that these measures of the four humor styles are distinct, reliable, and valid (<xref ref-type="bibr" rid="r10">Kuiper, 2012</xref>; <xref ref-type="bibr" rid="r15">Martin, 2007</xref>).</p></sec>
<sec><title>Worry Content</title>
<p>The Worry Domains Questionnaire (WDQ; <xref ref-type="bibr" rid="r23">Tallis, Eysenck, &amp; Mathews, 1992</xref>) consists of 25 items used to assess the amount of worry across five major domains of everyday concern; namely, relationships (e.g., “I worry that I will lose close friends”), lack of confidence (e.g., “I worry that I feel insecure”), an aimless future (e.g., “I worry that I’ll never achieve my ambitions”), work incompetence (e.g., “I worry that I will not keep my workload up to date”), and financial issues (e.g., “I worry that I am not able to afford things”). Participants rate each item on a 5 point rating scale, with 1 indicating no worry at all and 5 indicating extreme worry. The WDQ shows high internal consistency, high reliability, and good convergent validity (<xref ref-type="bibr" rid="r22">Stöber &amp; Joormann, 2001</xref>).</p></sec></sec>
<sec><title>Procedure</title>
<p>Participants were tested in small groups of approximately 15 to 20. After completing an informed consent form, participants were administered a booklet of questionnaires. Each booklet was in a different randomized order, and required approximately 30 minutes to fill out. After completion, each participant was given a debriefing form about the study and its purpose.</p></sec></sec>
<sec sec-type="results"><title>Results</title>
<p>The correlations between each of the four humor styles and the three main components of the intolerance of uncertainty model of generalized anxiety are shown in <xref ref-type="table" rid="t1">Table 1</xref>, along with the means and standard deviations for these measures. As expected, greater intolerance of uncertainty was associated with reduced levels of both affiliative and self-enhancing humor. Also as expected, increases in both of these adaptive humor styles were significantly correlated with decreases in excessive worry and generalized anxiety. For self-defeating humor, however, the sole significant correlation was the expected relationship between greater intolerance of uncertainty and increased levels of this maladaptive humor style. Self-defeating humor was not significantly associated with excessive worry or generalized anxiety levels. Finally, the pattern of non-significant correlations for aggressive humor is congruent with previous research demonstrating that this maladaptive style is not related to any of the components of anxiety.</p>
<table-wrap id="t1" orientation="portrait" position="anchor">
<label>Table 1</label><caption><title>Correlations Between the Humor Styles and Primary Components of the Intolerance of Uncertainty Model of Generalized Anxiety.</title></caption>
<table frame="hsides" rules="groups">
<col align="left" width="24%"/>
<col width="19%"/>
<col width="19%"/>
<col width="19%"/>
<col width="19%"/>
<thead>
<tr>
<th align="left" rowspan="2" valign="bottom">Model Component</th>
<th colspan="4" scope="colgroup">Humor Styles<hr/></th>
</tr>
<tr>
<th>Affiliative <italic>M</italic>=46.71;<italic>SD</italic>=6.64</th>
<th>Self-Enhancing <italic>M</italic>=37.57;<italic>SD</italic>=8.39</th>
<th>Aggressive <italic>M</italic>=29.25;<italic>SD</italic>=7.75</th>
<th>Self-Defeating <italic>M</italic>=28.22;<italic>SD</italic>=8.36</th>
</tr>
</thead>
<tbody>
<tr>
<th>Intolerance of Uncertainty <italic>M</italic>=61.93;<italic>SD</italic>=17.49</th>
<td align="char" char=".">-.42**</td>
<td align="char" char=".">-.27**</td>
<td align="char" char=".">.04</td>
<td align="char" char=".">.25*</td>
</tr>
<tr style="transparent-border-top">
<th>Excessive Worry <italic>M</italic>=46.10;<italic>SD</italic>=16.44</th>
<td align="char" char=".">-.31**</td>
<td align="char" char=".">-.29**</td>
<td align="char" char=".">.01</td>
<td align="char" char=".">.19</td>
</tr>
<tr style="transparent-border-top">
<th>Generalized Anxiety <italic>M</italic>=17.81;<italic>SD</italic>=5.28</th>
<td align="char" char=".">-.37**</td>
<td align="char" char=".">-.39**</td>
<td align="char" char=".">.02</td>
<td align="char" char=".">.14</td>
</tr>
</tbody>
</table>
<table-wrap-foot>
<p>*<italic>p</italic> &lt; .05. **<italic>p</italic> &lt; .025. ***<italic>p</italic> &lt; .01.</p>
</table-wrap-foot>
</table-wrap>
<p>Overall, the pattern of correlations shown in <xref ref-type="table" rid="t1">Table 1</xref> supports the proposal that certain humor styles do bear on the various components of the intolerance of uncertainty model of generalized anxiety. In particular, it appears that adaptive humor may play a more prominent role (particularly affiliative humor), and that self-defeating humor may also be involved in this model of anxiety. Aggressive humor, however, is not relevant to this model.</p>
<p>Accordingly, we next investigated how the two adaptive styles (affiliative and self-enhancing humor), along with self-defeating humor, may be involved as multiple mediators in a combined model of anxiety which also includes excessive worry as a mediator. We did not include aggressive humor in this analysis, given its lack of a relationship with any of the three primary components of the intolerance of uncertainty model of anxiety.</p>
<p>As described by <xref ref-type="bibr" rid="r19">Preacher and Hayes (2008)</xref> multiple mediation analysis allows for the simultaneous significance testing of relationships between a predictor (intolerance of uncertainty in the current analysis), a set of mediators (excessive worry, affiliative humor, self-enhancing humor and self-defeating humor), and a criterion variable (generalized anxiety). These tests include determining the significance of: (1) the overall mediation model, (2) each of the four separate mediator paths between intolerance of uncertainty and anxiety, and (3) the direct relationship path between intolerance of uncertainty and anxiety, after taking into account all significant mediator paths.</p>
<p>Multiple mediation analysis involves a bootstrap sampling procedure, in which 1000 random samples are taken from the data set with replacement. All of the path coefficients specified in the hypothesized model (i.e., the proposed links between the predictor, each mediator and the criterion), are then assessed in each sample. Following this, the mean direct and mediator effects are calculated, as well as their confidence intervals (set at 95%). All effects are considered simultaneously in the proposed model, with age and gender controlled for.</p>
<p>The results of our multiple mediation analysis indicated that the overall model of intolerance of uncertainty for generalized anxiety was significant, <italic>F</italic> (5, 85) = 25.23, <italic>p</italic> &lt; .001; adjusted <italic>R<sup>2</sup></italic> = .57. As shown in <xref ref-type="fig" rid="f1">Figure 1</xref>, there were two significant mediator paths in this model, out of the four possible paths tested. In support of the original model, higher levels of intolerance of uncertainty led to the expected increase in excessive worry (<italic>p</italic> &lt; .001), which, in turn, resulted in greater generalized anxiety (<italic>p</italic> &lt; .01). Also as expected, higher levels of intolerance of uncertainty lead to a decrease in the use of affiliative humor (<italic>p</italic> &lt; .001), which, in turn, resulted in greater anxiety (<italic>p</italic> &lt; .05). Neither self-enhancing nor self-defeating humor were significant mediators in this analysis. It should be noted that the direct effect path between intolerance of uncertainty and generalized anxiety remained significant (<italic>p</italic> &lt; .001), indicating that both excessive worry and affiliative humor served as partial mediators in this model.</p>
<fig fig-type="figure" id="f1" orientation="portrait" position="anchor"><label>Figure 1</label><caption><title>Significant mediators in the combined model for generalized anxiety.</title><p>**<italic>p</italic> &lt; .025. ***<italic>p</italic> &lt; .01.</p></caption>
<graphic orientation="portrait" position="anchor" xlink:href="ejop.v10i3.752-f1"/></fig>
<p>In other words, greater intolerance of uncertainty still had a significant direct effect on increasing anxiety, above and beyond the significant mediator effect that runs through both excessive worry and affiliative humor. Overall, these findings support the proposal that a combined intolerance of uncertainty model of anxiety should also include affiliative humor as a further significant mediator, in addition to excessive worry. These findings also indicate, however, that the two remaining humor styles (self-enhancing and self-defeating) do not play a significant mediating role in this combined model.</p>
<sec><title>Humor Styles and the Worry Content Domains</title>
<p>The correlations between each of the five worry content domains in the intolerance of uncertainty model of anxiety and the four humor styles are shown in <xref ref-type="table" rid="t2">Table 2</xref>, along with the means and standard deviations for each worry content measure. Higher levels of affiliative humor were associated with lower levels of worry for four of the five worry content domains, with the only exception being financial worry. In a similar fashion, higher levels of self-enhancing humor were also associated with significantly lower levels of worry, but in this case for all five worry content domains. For self-defeating humor the pattern was precisely opposite, with higher levels of this maladaptive humor style being associated with greater worry for all five worry content domains. Finally, aggressive humor was generally unrelated to the worry content domains, with the one exception being financial worry. Here, higher aggressive humor was related to greater financial worry.</p>
<table-wrap id="t2" orientation="portrait" position="anchor">
<label>Table 2</label><caption><title>Correlations Between Humor Styles and Worry Content Domains.</title></caption>
<table frame="hsides" rules="groups">
<col align="left" width="24%"/>
<col width="19%"/>
<col width="19%"/>
<col width="19%"/>
<col width="19%"/>
<thead>
<tr>
<th/>
<th colspan="4" scope="colgroup">Humor Styles<hr/></th>
</tr>
<tr>
<th>Worry Content Domains</th>
<th>Affiliative</th>
<th>Self-Enhancing</th>
<th>Aggressive</th>
<th>Self-Defeating</th>
</tr>
</thead>
<tbody>
<tr>
<th>Relationship Worry (<italic>M</italic>=7.70<italic>SD</italic>=4.99)</th>
<td align="char" char=".">-.22*</td>
<td align="char" char=".">-.33**</td>
<td align="char" char=".">.07</td>
<td align="char" char=".">.32**</td>
</tr>
<tr style="transparent-border-top">
<th>Lack of Confidence Worry (<italic>M</italic>=8.56<italic>SD</italic>=5.12)</th>
<td align="char" char=".">-.35**</td>
<td align="char" char=".">-.33**</td>
<td align="char" char=".">-.05</td>
<td align="char" char=".">.32**</td>
</tr>
<tr style="transparent-border-top">
<th>Aimless Future Worry (<italic>M</italic>=8.24<italic>SD</italic>=4.92)</th>
<td align="char" char=".">-.24*</td>
<td align="char" char=".">-.47**</td>
<td align="char" char=".">-.15</td>
<td align="char" char=".">.27**</td>
</tr>
<tr style="transparent-border-top">
<th>Work Incompetence Worry (<italic>M</italic>=10.60<italic>SD</italic>=4.49)</th>
<td align="char" char=".">-.25*</td>
<td align="char" char=".">-.33**</td>
<td align="char" char=".">.12</td>
<td align="char" char=".">.27**</td>
</tr>
<tr style="transparent-border-top">
<th>Financial Worry (<italic>M</italic>=6.76<italic>SD</italic>=4.92)</th>
<td align="char" char=".">-.18</td>
<td align="char" char=".">-.29**</td>
<td align="char" char=".">.27**</td>
<td align="char" char=".">.31**</td>
</tr>
</tbody>
</table>
<table-wrap-foot>
<p>*<italic>p</italic> &lt; .05. **<italic>p</italic> &lt; .025. ***<italic>p</italic> &lt; .01.</p>
</table-wrap-foot>
</table-wrap>
<p>When taken together, the pattern of correlations shown in <xref ref-type="table" rid="t2">Table 2</xref> points to significant relationships between three of the four humor styles (affiliative, self-enhancing, and self-defeating) and the five different worry content domains. As such, our final set of multiple mediator analyses investigated how the two adaptive styles (affiliative and self-enhancing humor), along with self-defeating humor, may be involved as multiple mediators between each of these five worry content domains (e.g., relationship worry) and generalized anxiety. We did not include aggressive humor in these analyses, given its lack of any significant relationship with almost all of the worry content domains. As such, the mediators tested in each analysis were the three humor styles (affiliative, self-enhancing, and self-defeating), whereas the criterion variable was always generalized anxiety. Each analysis also controlled for age and gender. However, a different predictor variable was used for each analysis, beginning with relationship worry content and then proceeding through all of the worry content domains listed in the left-most column of <xref ref-type="table" rid="t2">Table 2</xref>.</p>
<?table t2?>
<p>These analyses showed significant overall model effects for all five of the worry content domains, with F-values ranging from 10.76 to 13.64, all <italic>p</italic>’s &lt; .001. As shown in <xref ref-type="table" rid="t3">Table 3</xref>, adjusted <italic>R<sup>2</sup></italic> values ranged from .29 to .36 for the multiple mediator analyses associated with these worry content domains. It was only in the case of financial worry that the humor styles did not have a significant mediator effect on subsequent anxiety levels.</p>
<table-wrap id="t3" orientation="portrait" position="anchor">
<label>Table 3</label><caption><title>Significant Humor Style Mediators for Each Worry Content Domain</title></caption>
<table frame="hsides" rules="groups">
<col align="left" width="28%"/>
<col width="18%"/>
<col width="18%"/>
<col width="18%"/>
<col width="18%"/>
<thead>
<tr>
<th valign="bottom">Worry Content Domain</th>
<th valign="bottom">Significant Humor StyleMediator</th>
<th valign="bottom">Total Adjusted R-squared</th>
<th valign="bottom">A path Coefficient</th>
<th valign="bottom">B path Coefficient</th>
</tr>
</thead>
<tbody>
<tr>
<td>Relationships</td>
<td>Affiliative</td>
<td align="char" char=".">.29***</td>
<td align="char" char=".">-.3218*</td>
<td align="char" char=".">-.2637**</td>
</tr>
<tr>
<td>Lack of Confidence</td>
<td>Affiliative</td>
<td align="char" char=".">.36***</td>
<td align="char" char=".">-.4980***</td>
<td align="char" char=".">-.2082**</td>
</tr>
<tr>
<td>Aimless Future Worry</td>
<td>Affiliative</td>
<td align="char" char=".">.30***</td>
<td align="char" char=".">-.3583*</td>
<td align="char" char=".">-.2734***</td>
</tr>
<tr>
<td>Work Incompetence</td>
<td>Affiliative</td>
<td align="char" char=".">.35***</td>
<td align="char" char=".">-.4086**</td>
<td align="char" char=".">-.2475***</td>
</tr>
<tr>
<td>Financial</td>
<td>none</td>
<td align="char" char=".">.31***</td>
<td>ns</td>
<td>ns</td>
</tr>
</tbody>
</table>
<table-wrap-foot>
<p>*<italic>p</italic> &lt; .05. **<italic>p</italic> &lt; .025. ***<italic>p</italic> &lt; .01.</p>
</table-wrap-foot>
</table-wrap>
<p>For the other four worry content domains, affiliative humor was the sole significant humor style mediator in all of these models. In particular, increases in worry about relationships, lack of confidence, an aimless future, and incompetence at work or school, all served to suppress affiliative humor use (all <italic>p</italic>’s &lt; .001). In turn, these reductions in affiliative humor resulted in more anxiety (all <italic>p</italic>’s &lt; .025). An illustrative example of one of these significant multiple mediation path analyses (for relationship worry content) is shown in <xref ref-type="fig" rid="f2">Figure 2</xref>.</p>
<fig fig-type="figure" id="f2" orientation="portrait" position="anchor"><label>Figure 2</label><caption>
<title>Affiliative Humor as a significant mediator between Relationship Worry and Anxiety.</title><p>**<italic>p</italic> &lt; .025. ***<italic>p</italic> &lt; .01.</p></caption>
<graphic orientation="portrait" position="anchor" xlink:href="ejop.v10i3.752-f2"/></fig>
</sec></sec>
<sec sec-type="discussion"><title>Discussion</title>
<p>Previous research has provided some evidence for an association between sense of humor and anxiety (<xref ref-type="bibr" rid="r1">Abel 2002</xref>; <xref ref-type="bibr" rid="r12">Kuiper et al., 2004</xref>; <xref ref-type="bibr" rid="r15">Martin, 2007</xref>). Although informative, this initial work did not really consider how sense of humor might be integrated more fully with contemporary research on anxiety. As such, the main goal of the present study was to address this issue by providing a theory-based integration of the humor styles with an intolerance of uncertainty model of generalized anxiety.</p>
<p>We began this integration by describing the key sequence of events in the intolerance of uncertainty model of generalized anxiety (<xref ref-type="bibr" rid="r3">Behar et al., 2009</xref>; <xref ref-type="bibr" rid="r6">Dugas et al., 2005</xref>; <xref ref-type="bibr" rid="r17">McEvoy &amp; Mahoney, 2013</xref>). In particular, this model proposes that greater intolerance of uncertainty generates excessive worry, which, in turn, results in higher generalized anxiety. We then used this model as the theoretical-empirical foundation for assessing the possible additional role of humor in reducing or enhancing anxiety. This was done by including excessive worry and three of the humor styles (affiliative, self-enhancing, and self-defeating) as potential multiple mediators in a combined model.</p>
<p>The findings from this multiple mediator analysis were clear. As expected, and in support of the original model, greater intolerance of uncertainty resulted in significantly more excessive worry, which in turn, increased anxiety. Of particular interest in the present context, however, was that affiliative humor was also a significant mediator in this combined model. Consistent with our expectations, greater intolerance of uncertainty also served to suppress the use of affiliative humor, which in turn, also contributed to increased anxiety levels.</p>
<p>The significant mediating path for affiliative humor suggests that the chronic stress and negative arousal associated with greater intolerance of uncertainty may interfere with both the generation and enjoyment of this adaptive humor style. Earlier, we proposed that this interference may be attributable to two factors. First, the chronic negative arousal and stress experienced by individuals with greater intolerance of uncertainty may be basically incompatible with the carefree and lighthearted positive state that facilitates affiliative humor use. In addition, however, this negative arousal may also impede the cognitive processes that underlie the effective use of affiliative humor, primarily by restricting cognitive flexibility and breadth of attention (<xref ref-type="bibr" rid="r10">Kuiper, 2012</xref>). These cognitive processing deficits would then make it much more difficult to generate and benefit from the use of this adaptive humor style.</p>
<p>It is still necessary, of course, for future research to document and test each aspect of this proposed causal chain. This might be accomplished, for example, by directly assessing stress and negative arousal levels for those with greater intolerance of uncertainty, as well as measuring any observed reductions in their degree of cognitive flexibility and breadth of attention. If documented, such changes would then need to be empirically linked in a direct manner to the suppression of affiliative humor, perhaps by using a longitudinal research design that also includes observational aspects, in addition to self-report measures.</p>
<p>Further research would also need to empirically test our notion that the suppression of affiliative humor use can then reduce its effectiveness as an appropriate social interaction tool for sharing both positive and negative emotions with others (<xref ref-type="bibr" rid="r20">Rimé, 2009</xref>). Although past research has generally supported the notion that affiliative humor use can enhance social relationships and reduce interpersonal tensions (<xref ref-type="bibr" rid="r10">Kuiper, 2012</xref>; <xref ref-type="bibr" rid="r15">Martin, 2007</xref>), the <italic>intrapersonal</italic> effects of affiliative humor on the individual using this adaptive humor style are much less well understood and documented. As such, future research should directly test our proposal that reductions in the positive emotions of mirth and joy that accompany the suppression of affiliative humor use would also impact negatively on positive self-concept growth, mastery, and resilience (<xref ref-type="bibr" rid="r10">Kuiper, 2012</xref>). This future work should clearly document how any reductions in opportunities for the emotional regulation of negative emotions, via this adaptive humor style, may then lead to an accompanying loss of social support that buffers against disruptive emotions, such as anxiety. Again, this would require a move towards research designs that observe and measure these various constructs across time, and in different real-life settings.</p>
<p>Further work in this domain should be cognizant of other possible aspects of intolerance of uncertainty that might contribute to the suppression of affiliative humor use. As one example, dispositional intolerance of uncertainty is marked by a fundamental aversion to ambiguous life situations, with these events being extremely stressful for the individual, and thus avoided or minimized (<xref ref-type="bibr" rid="r3">Behar et al., 2009</xref>; <xref ref-type="bibr" rid="r9">Koerner &amp; Dugas, 2008</xref>). Notably, this intense fear of ambiguity is the antithesis of a fundamental component of humor, namely the enjoyment of ambiguity to cognitively play with ideas and interpretations from varying perspectives (<xref ref-type="bibr" rid="r15">Martin, 2007</xref>). Those who use humor most effectively also relish its ambiguity and accompanying suspension of certainty, making this a very difficult social and interpersonal tool to be used by those that fundamentally avoid and reject ambiguity. Again, however, future research would need to precisely document how this fundamental component of humor would also contribute to limiting its effective use by those with greater intolerance of uncertainty.</p>
<p>Overall, our study also showed that the links between anxiety and humor appears to be strongest for the affiliative humor style, and virtually non-existent for aggressive humor. This pattern of findings was not surprising for aggressive humor, as past research has consistently shown that this maladaptive humor style is not related to anxiety (<xref ref-type="bibr" rid="r12">Kuiper et al., 2004</xref>; <xref ref-type="bibr" rid="r16">Martin et al., 2003</xref>). The analysis of our combined model of anxiety also revealed that, beyond affiliative humor, neither self-enhancing or self-defeating humor were significant mediators. The lack of a significant mediating path for self-enhancing humor in the combined model was somewhat unexpected; as the simple correlation pattern revealed that greater intolerance of uncertainty was indeed associated with significantly less self-enhancing humor use and that less use of self-enhancing humor was also associated with greater worry and anxiety. That these paths were not significant, however, in the subsequent mediator analysis, suggests that self-enhancing humor does not play a strong mediating role in our overall combined model of generalized anxiety.</p>
<p>This failure to find a mediating effect for self-enhancing humor in the combined model may reflect, in part, the strong mediator path that was evident through affiliative humor. In addition, however, it may also reflect the possibility that self-enhancing humor may play a much more circumscribed role in anxiety. This may be the case, as self-enhancing humor also did not play a significant mediating role in any of the worry content domain analyses. Here, it was only affiliative humor that continued to show strong mediating effects. As such, the possible role of self-enhancing humor in generalized anxiety development and maintenance certainly requires further theoretical clarification and testing. This testing should also include the examination of humor styles use in actual life settings that are particularly problematic for the individual, as these may be more relevant to coping attempts which rely mostly on self-enhancing humor use, rather than affiliative humor.</p>
<p>It is also interesting to note that self-defeating humor was not a significant mediator in our combined model; nor did it mediate any of the specific worry content domains in the intolerance of uncertainty model of generalized anxiety. Even the pattern of simple correlations showed that self-defeating humor use was only related to intolerance of uncertainty, and not to excessive worry or generalized anxiety. Taken together, these findings are somewhat puzzling, as prior work has shown that increased use of self-defeating humor is associated with greater anxiety (<xref ref-type="bibr" rid="r12">Kuiper et al., 2004</xref>; <xref ref-type="bibr" rid="r16">Martin et al., 2003</xref>). As such, it is clear that future work should continue to investigate the possible role of self-defeating humor in anxiety. One possibility, for example, is this particular humor style may be more pertinent to the development and maintenance of specific forms of anxiety, such as social anxiety, rather than the generalized anxiety <italic>per se</italic>. Consistent with this proposal, recent work in our lab has shown that individuals portrayed as being socially anxious are much more rejected by their peers when they use self-defeating comments that are either humorous or non-humorous (<xref ref-type="bibr" rid="r11">Kuiper, Aiken, &amp; Pound, in press</xref>). What is still required, however, is a demonstration that compares the use of self-defeating humor by socially anxious individuals with the use of this same style by those with generalized anxiety. This may then begin to elucidate more clearly the specific relationships that this maladaptive humor style may have with various forms of anxiety.</p>
<sec><title>Conclusions and Summary</title>
<p>Overall, our findings for affiliative humor make it quite clear that a decrease in the use of this adaptive style can exert a strong impact on increasing anxiety levels. This mediating effect was evident not only in our overall combined model, but also for most of the specific worry content domains associated with the intolerance of uncertainty model of anxiety. Thus, in addition to excessive worry, increases in worry content across four specific domains (relationships, lack of confidence, an aimless future, and incompetent performance at work or school), all led to a suppression of affiliative humor use, with this reduction in adaptive humor then resulting in more anxiety. Overall, this pattern of findings supports the notion that affiliative humor is the most important humor style with respect to generalized anxiety.</p></sec></sec>
</body>
<back>
<ref-list><title>References</title>
<ref id="r1"><mixed-citation publication-type="journal"><person-group person-group-type="author"><name name-style="western"><surname>Abel</surname><given-names>M. H.</given-names></name></person-group> (<year>2002</year>). <article-title>Humor, stress, and coping strategies.</article-title> <source>HUMOR: International Journal of Humor Research</source>, <volume>15</volume>, <fpage>365</fpage>–<lpage>381</lpage>. <pub-id pub-id-type="doi">10.1515/humr.15.4.365</pub-id></mixed-citation></ref>
<ref id="r2"><mixed-citation publication-type="journal"><person-group person-group-type="author"><name name-style="western"><surname>Abel</surname><given-names>M. H.</given-names></name><name name-style="western"><surname>Maxwell</surname><given-names>D.</given-names></name></person-group> (<year>2002</year>). <article-title>Humor and affective consequences of a stressful task.</article-title> <source>Journal of Social and Clinical Psychology</source>, <volume>21</volume>, <fpage>165</fpage>–<lpage>190</lpage>. <pub-id pub-id-type="doi">10.1521/jscp.21.2.165.22516</pub-id></mixed-citation></ref>
<ref id="r3"><mixed-citation publication-type="journal"><person-group person-group-type="author"><name name-style="western"><surname>Behar</surname><given-names>E.</given-names></name><name name-style="western"><surname>DiMarco</surname><given-names>I. D.</given-names></name><name name-style="western"><surname>Hekler</surname><given-names>E. B.</given-names></name><name name-style="western"><surname>Mohlman</surname><given-names>J.</given-names></name><name name-style="western"><surname>Staples</surname><given-names>A. M.</given-names></name></person-group> (<year>2009</year>). <article-title>Current theoretical models of generalized anxiety disorder (GAD): Conceptual review and treatment implications.</article-title> <source>Journal of Anxiety Disorders</source>, <volume>23</volume>, <fpage>1011</fpage>–<lpage>1023</lpage>. <pub-id pub-id-type="doi">10.1016/j.janxdis.2009.07.006</pub-id><pub-id pub-id-type="pmid">19700258</pub-id></mixed-citation></ref>
<ref id="r4"><mixed-citation publication-type="journal"><person-group person-group-type="author"><name name-style="western"><surname>Costello</surname><given-names>C. G.</given-names></name><name name-style="western"><surname>Comrey</surname><given-names>A. L.</given-names></name></person-group> (<year>1967</year>). <article-title>Scales for measuring depression and anxiety.</article-title> <source>The Journal of Psychology</source>, <volume>66</volume>, <fpage>303</fpage>–<lpage>313</lpage>. <pub-id pub-id-type="doi">10.1080/00223980.1967.10544910</pub-id><pub-id pub-id-type="pmid">6076427</pub-id></mixed-citation></ref>
<ref id="r5"><mixed-citation publication-type="book"><person-group person-group-type="author"><name name-style="western"><surname>Dozois</surname><given-names>D. J. A.</given-names></name><name name-style="western"><surname>Westra</surname><given-names>H. A.</given-names></name></person-group> (<year>2004</year>). <chapter-title>The nature of anxiety and depression: Implications for prevention.</chapter-title><person-group person-group-type="editor"><name name-style="western"><surname>Dozois</surname><given-names>D. J. A.</given-names></name><name name-style="western"><surname>Dobson</surname><given-names>K.</given-names></name></person-group><source>The prevention of anxiety and depression: Theory, research and practice</source> (pp. 9-41). Washington, DC: American Psychological Association.</mixed-citation></ref>
<ref id="r6"><mixed-citation publication-type="journal"><person-group person-group-type="author"><name name-style="western"><surname>Dugas</surname><given-names>M. J.</given-names></name><name name-style="western"><surname>Marchand</surname><given-names>A.</given-names></name><name name-style="western"><surname>Ladouceur</surname><given-names>R.</given-names></name></person-group> (<year>2005</year>). <article-title>Further validation of a cognitive-behavioral model of generalized anxiety disorder: Diagnostic and symptom specificity.</article-title> <source>Journal of Anxiety Disorders</source>, <volume>19</volume>, <fpage>329</fpage>–<lpage>343</lpage>. <pub-id pub-id-type="doi">10.1016/j.janxdis.2004.02.002</pub-id><pub-id pub-id-type="pmid">15686860</pub-id></mixed-citation></ref>
<ref id="r7"><mixed-citation publication-type="journal"><person-group person-group-type="author"><name name-style="western"><surname>Freeston</surname><given-names>M. H.</given-names></name><name name-style="western"><surname>Rhéaume</surname><given-names>J.</given-names></name><name name-style="western"><surname>Letarte</surname><given-names>H.</given-names></name><name name-style="western"><surname>Dugas</surname><given-names>M. J.</given-names></name><name name-style="western"><surname>Ladouceur</surname><given-names>R.</given-names></name></person-group> (<year>1994</year>). <article-title>Why do people worry?</article-title> <source>Personality and Individual Differences</source>, <volume>17</volume>, <fpage>791</fpage>–<lpage>802</lpage>. <pub-id pub-id-type="doi">10.1016/0191-8869(94)90048-5</pub-id></mixed-citation></ref>
<ref id="r8"><mixed-citation publication-type="journal"><person-group person-group-type="author"><name name-style="western"><surname>Kelly</surname><given-names>W. E.</given-names></name></person-group> (<year>2002</year>). <article-title>An investigation of worry and sense of humor.</article-title> <source>The Journal of Psychology</source>, <volume>136</volume>, <fpage>657</fpage>–<lpage>666</lpage>. <pub-id pub-id-type="doi">10.1080/00223980209604826</pub-id><pub-id pub-id-type="pmid">12523453</pub-id></mixed-citation></ref>
<ref id="r9"><mixed-citation publication-type="journal"><person-group person-group-type="author"><name name-style="western"><surname>Koerner</surname><given-names>N.</given-names></name><name name-style="western"><surname>Dugas</surname><given-names>M. J.</given-names></name></person-group> (<year>2008</year>). <article-title>An investigation of appraisals in individuals vulnerable to excessive worry: The role of intolerance of uncertainty.</article-title> <source>Cognitive Therapy and Research</source>, <volume>32</volume>, <fpage>619</fpage>–<lpage>638</lpage>. <pub-id pub-id-type="doi">10.1007/s10608-007-9125-2</pub-id></mixed-citation></ref>
<ref id="r10"><mixed-citation publication-type="journal"><person-group person-group-type="author"><name name-style="western"><surname>Kuiper</surname><given-names>N. A.</given-names></name></person-group> (<year>2012</year>). <article-title>Humor and resiliency: Towards a process model of coping and growth.</article-title> <source>Europe's Journal of Psychology</source>, <volume>8</volume>(<issue>3</issue>), <fpage>475</fpage>–<lpage>491</lpage>. <pub-id pub-id-type="doi">10.5964/ejop.v8i3.464</pub-id></mixed-citation></ref>
<ref id="r11"><mixed-citation publication-type="journal"><person-group person-group-type="author"><name name-style="western"><surname>Kuiper</surname><given-names>N. A.</given-names></name><name name-style="western"><surname>Aiken</surname><given-names>A.</given-names></name><name name-style="western"><surname>Pound</surname><given-names>S.</given-names></name></person-group> (<comment>in press</comment>). <article-title>Social anxiety, humor and reactions to social comments.</article-title> <source>HUMOR: International Journal of Humor Research</source>.</mixed-citation></ref>
<ref id="r12"><mixed-citation publication-type="journal"><person-group person-group-type="author"><name name-style="western"><surname>Kuiper</surname><given-names>N. A.</given-names></name><name name-style="western"><surname>Grimshaw</surname><given-names>M.</given-names></name><name name-style="western"><surname>Leite</surname><given-names>C.</given-names></name><name name-style="western"><surname>Kirsh</surname><given-names>G.</given-names></name></person-group> (<year>2004</year>). <article-title>Humor is not always the best medicine: Specific components of sense of humor and psychological well-being.</article-title> <source>HUMOR: International Journal of Humor Research</source>, <volume>17</volume>, <fpage>135</fpage>–<lpage>168</lpage>. <pub-id pub-id-type="doi">10.1515/humr.2004.002</pub-id></mixed-citation></ref>
<ref id="r13"><mixed-citation publication-type="journal"><person-group person-group-type="author"><name name-style="western"><surname>Kuiper</surname><given-names>N.</given-names></name><name name-style="western"><surname>Kirsh</surname><given-names>G.</given-names></name><name name-style="western"><surname>Leite</surname><given-names>C.</given-names></name></person-group> (<year>2010</year>). <article-title>Reactions to humorous comments and implicit theories of humor styles.</article-title> <source>Europe's Journal of Psychology</source>, <volume>6</volume>(<issue>3</issue>), <fpage>236</fpage>–<lpage>266</lpage>. <pub-id pub-id-type="doi">10.5964/ejop.v6i3.215</pub-id></mixed-citation></ref>
<ref id="r14"><mixed-citation publication-type="journal"><person-group person-group-type="author"><name name-style="western"><surname>Kuiper</surname><given-names>N. A.</given-names></name><name name-style="western"><surname>McKenzie</surname><given-names>S. D.</given-names></name><name name-style="western"><surname>Belanger</surname><given-names>K. A.</given-names></name></person-group> (<year>1995</year>). <article-title>Cognitive appraisals and individual differences in sense of humor: Motivational and affective implications.</article-title> <source>Personality and Individual Differences</source>, <volume>19</volume>, <fpage>359</fpage>–<lpage>372</lpage>. <pub-id pub-id-type="doi">10.1016/0191-8869(95)00072-E</pub-id></mixed-citation></ref>
<ref id="r15"><mixed-citation publication-type="book"><person-group person-group-type="author"><name name-style="western"><surname>Martin</surname><given-names>R. A.</given-names></name></person-group> (<year>2007</year>). <source>The psychology of humor: An integrative approach.</source>. New York, NY: Academic Press.</mixed-citation></ref>
<ref id="r16"><mixed-citation publication-type="journal"><person-group person-group-type="author"><name name-style="western"><surname>Martin</surname><given-names>R. A.</given-names></name><name name-style="western"><surname>Puhlik-Doris</surname><given-names>P.</given-names></name><name name-style="western"><surname>Larsen</surname><given-names>G.</given-names></name><name name-style="western"><surname>Gray</surname><given-names>J.</given-names></name><name name-style="western"><surname>Weir</surname><given-names>K.</given-names></name></person-group> (<year>2003</year>). <article-title>Individual differences in uses of humor and their relation to psychological well-being: Development of the Humor Styles Questionnaire.</article-title> <source>Journal of Research in Personality</source>, <volume>37</volume>, <fpage>48</fpage>–<lpage>75</lpage>. <pub-id pub-id-type="doi">10.1016/S0092-6566(02)00534-2</pub-id></mixed-citation></ref>
<ref id="r17"><mixed-citation publication-type="journal"><person-group person-group-type="author"><name name-style="western"><surname>McEvoy</surname><given-names>P. M.</given-names></name><name name-style="western"><surname>Mahoney</surname><given-names>A. E. J.</given-names></name></person-group> (<year>2013</year>). <article-title>Intolerance of uncertainty and negative metacognitive beliefs as transdiagnostic mediators of repetitive negative thinking in a clinical sample with anxiety disorders.</article-title> <source>Journal of Anxiety Disorders</source>, <volume>27</volume>, <fpage>216</fpage>–<lpage>224</lpage>. <pub-id pub-id-type="doi">10.1016/j.janxdis.2013.01.006</pub-id><pub-id pub-id-type="pmid">23474912</pub-id></mixed-citation></ref>
<ref id="r18"><mixed-citation publication-type="journal"><person-group person-group-type="author"><name name-style="western"><surname>Meyer</surname><given-names>T. J.</given-names></name><name name-style="western"><surname>Miller</surname><given-names>M. L.</given-names></name><name name-style="western"><surname>Metzger</surname><given-names>R. L.</given-names></name><name name-style="western"><surname>Borkovec</surname><given-names>T. D.</given-names></name></person-group> (<year>1990</year>). <article-title>Development and validation of the Penn State Worry Questionnaire.</article-title> <source>Behaviour Research and Therapy</source>, <volume>28</volume>, <fpage>487</fpage>–<lpage>495</lpage>. <pub-id pub-id-type="doi">10.1016/0005-7967(90)90135-6</pub-id><pub-id pub-id-type="pmid">2076086</pub-id></mixed-citation></ref>
<ref id="r19"><mixed-citation publication-type="journal"><person-group person-group-type="author"><name name-style="western"><surname>Preacher</surname><given-names>K. J.</given-names></name><name name-style="western"><surname>Hayes</surname><given-names>A. F.</given-names></name></person-group> (<year>2008</year>). <article-title>Asymptotic and resampling strategies for assessing and comparing indirect effects in multiple mediator models.</article-title> <source>Behavior Research Methods</source>, <volume>40</volume>, <fpage>879</fpage>–<lpage>891</lpage>. <pub-id pub-id-type="doi">10.3758/BRM.40.3.879</pub-id><pub-id pub-id-type="pmid">18697684</pub-id></mixed-citation></ref>
<ref id="r20"><mixed-citation publication-type="journal"><person-group person-group-type="author"><name name-style="western"><surname>Rimé</surname><given-names>B.</given-names></name></person-group> (<year>2009</year>). <article-title>Emotion elicits the social sharing of emotion: Theory and empirical review.</article-title> <source>Emotion Review</source>, <volume>1</volume>(<issue>1</issue>), <fpage>60</fpage>–<lpage>85</lpage>. <pub-id pub-id-type="doi">10.1177/1754073908097189</pub-id></mixed-citation></ref>
<ref id="r21"><mixed-citation publication-type="journal"><person-group person-group-type="author"><name name-style="western"><surname>Samson</surname><given-names>A. C.</given-names></name><name name-style="western"><surname>Lackner</surname><given-names>H. K.</given-names></name><name name-style="western"><surname>Weiss</surname><given-names>E. M.</given-names></name><name name-style="western"><surname>Papousek</surname><given-names>I.</given-names></name></person-group> (<year>2012</year>). <article-title>Perception of other people’s mental states affects humor in social anxiety.</article-title> <source>Journal of Behavior Therapy and Experimental Psychiatry</source>, <volume>43</volume>, <fpage>625</fpage>–<lpage>631</lpage>. <pub-id pub-id-type="doi">10.1016/j.jbtep.2011.08.007</pub-id><pub-id pub-id-type="pmid">21946039</pub-id></mixed-citation></ref>
<ref id="r22"><mixed-citation publication-type="journal"><person-group person-group-type="author"><name name-style="western"><surname>Stöber</surname><given-names>J.</given-names></name><name name-style="western"><surname>Joormann</surname><given-names>J.</given-names></name></person-group> (<year>2001</year>). <article-title>Worry, procrastination, and perfectionism: Differentiating amount of worry, pathological worry, anxiety, and depression.</article-title> <source>Cognitive Therapy and Research</source>, <volume>25</volume>, <fpage>49</fpage>–<lpage>60</lpage>. <pub-id pub-id-type="doi">10.1023/A:1026474715384</pub-id></mixed-citation></ref>
<ref id="r23"><mixed-citation publication-type="journal"><person-group person-group-type="author"><name name-style="western"><surname>Tallis</surname><given-names>F.</given-names></name><name name-style="western"><surname>Eysenck</surname><given-names>M. W.</given-names></name><name name-style="western"><surname>Mathews</surname><given-names>A.</given-names></name></person-group> (<year>1992</year>). <article-title>A questionnaire for the measurement of nonpathological worry.</article-title> <source>Personality and Individual Differences</source>, <volume>13</volume>, <fpage>161</fpage>–<lpage>168</lpage>. <pub-id pub-id-type="doi">10.1016/0191-8869(92)90038-Q</pub-id></mixed-citation></ref>
</ref-list>
<bio>
<p>Dr. <bold>Nicholas Kuiper</bold> has been a professor of clinical psychology at the University of Western Ontario since 1978. During this time he has published numerous articles and chapters on humor, psychological well-being, depression, anxiety, self-schema processing of personal information, and other topics of interest.</p>
</bio>
<bio>
<p>Dr. <bold>Dana Klein</bold> completed her degree in the Clinical Psychology program at University of Western Ontario, and is currently in private practice as a clinical psychologist.</p>
</bio>
<bio>
<p><bold>Jaclyn Vertes</bold> completed her Bachelor’s degree in Psychology at the University of Western Ontario. She is currently completing her medical degree at Trinity College Dublin Medical School.</p>
</bio>
<bio>
<p><bold>Nadia Maiolino</bold> is enrolled in the Ph.D. Clinical Psychology Graduate Program at the University of Western Ontario. Her research interests include personality characteristics and strategies that contribute to well-being.</p>
</bio>
<fn-group>
<fn fn-type="financial-disclosure"><p>The authors have no funding to report.</p></fn>
</fn-group>
<fn-group>
<fn fn-type="conflict"><p>The authors have declared that no competing interests exist.</p></fn>
</fn-group>
<ack>
<p>The authors have no support to report.</p>
</ack>
</back>
</article>