<?xml version="1.0" encoding="UTF-8"?>
<!DOCTYPE article
  PUBLIC "-//NLM//DTD JATS (Z39.96) Journal Publishing DTD v1.0 20120330//EN" "JATS-journalpublishing1.dtd">
<article xmlns:xlink="http://www.w3.org/1999/xlink" xmlns:mml="http://www.w3.org/1998/Math/MathML" xmlns:xsi="http://www.w3.org/2001/XMLSchema-instance" article-type="research-article" dtd-version="1.0" xml:lang="en">
<front>
<journal-meta>
<journal-id journal-id-type="publisher-id">IJPR</journal-id>
<journal-id journal-id-type="nlm-ta">Interpersona</journal-id>
<journal-title-group><journal-title>Interpersona</journal-title>
<journal-subtitle>An International Journal on Personal Relationships</journal-subtitle>
<abbrev-journal-title abbrev-type="pubmed">Interpersona</abbrev-journal-title>
</journal-title-group>
<issn pub-type="epub">1981-6472</issn>
<publisher><publisher-name>PsychOpen</publisher-name></publisher>
</journal-meta>
<article-meta>
<article-id pub-id-type="publisher-id">ijpr.v7i2.125</article-id>
<article-id pub-id-type="doi">10.5964/ijpr.v7i2.125</article-id>
<article-categories><subj-group subj-group-type="heading"><subject>Articles</subject></subj-group></article-categories>
<title-group>
<article-title>The Structure and Content of Long-Term and Short-Term Mate Preferences</article-title>
<alt-title alt-title-type="right-running">Mate Preference Structure &amp; Content</alt-title>
</title-group><contrib-group><contrib contrib-type="author" corresp="yes"><name name-style="western"><surname>Jonason</surname><given-names>Peter K.</given-names></name><xref ref-type="corresp" rid="cor1"><sup>*</sup></xref><xref ref-type="aff" rid="aff1"><sup>a</sup></xref></contrib><contrib contrib-type="author"><name name-style="western"><surname>Webster</surname><given-names>Gregory D.</given-names></name><xref ref-type="aff" rid="aff2"><sup>b</sup></xref></contrib><contrib contrib-type="author"><name name-style="western"><surname>Gesselman</surname><given-names>Amanda N.</given-names></name><xref ref-type="aff" rid="aff2"><sup>b</sup></xref></contrib><aff id="aff1"><label>a</label>University of Western Sydney, Milperra, <country>Australia</country></aff><aff id="aff2"><label>b</label>University of Florida, Gainesville, FL, <country>USA</country></aff></contrib-group>
<author-notes>
<corresp id="cor1"><label>*</label>School of Social Sciences and Psychology, University of Western Sydney, Milperra, NSW 2214, Australia. <email xlink:href="p.jonason@uws.edu.au">p.jonason@uws.edu.au</email></corresp>
</author-notes>
<pub-date pub-type="epub"><day>20</day><month>12</month><year>2013</year></pub-date>
<volume>7</volume>
<issue>2</issue>
<fpage>167</fpage>
<lpage>179</lpage>
<history>
<date date-type="received">
<day>02</day>
<month>06</month>
<year>2013</year>
</date>
<date date-type="accepted">
<day>07</day>
<month>11</month>
<year>2013</year>
</date>
</history>
<permissions><copyright-year/><license license-type="open-access" xlink:href="http://creativecommons.org/licenses/by/3.0/"><license-p>This is an open-access article distributed under the terms of the Creative Commons Attribution License, which permits unrestricted use, distribution, and reproduction in any medium, provided the original work is properly cited.</license-p></license></permissions>
<abstract>
<p>This study addresses two limitations in the mate preferences literature. First, research all-too-often relies on single-item assessments of mate preferences precluding more advanced statistical techniques like factor analysis. Second, when factor analysis could be done, it exclusively has done for long-term mate preferences, at the exclusion of short-term mate preferences. In this study (<italic>N</italic> = 401), we subjected 20 items designed to measure short- and long-term mate preferences to both principle components (<italic>n</italic> = 200) and confirmatory factor analysis (<italic>n</italic> = 201). In the long-term context, we replicated previous findings that there are three different categories of preferences: physical attractiveness, interpersonal warmth, and social status. In the short-term context, physical attractiveness occupied two parts of the structure, social status dropped out, and interpersonal warmth remained. Across short- and long-term contexts, there were slight changes in what defined the shared dimensions (i.e., physical attractiveness and interpersonal warmth), suggesting prior work that applies the same inventory to each context might be flawed. We also replicated sex differences and similarities in mate preferences and correlates with sociosexuality and mate value. We adopt an evolutionary paradigm to understand our results.</p>
</abstract>
<kwd-group kwd-group-type="author"><kwd>mate preferences</kwd><kwd>Confirmatory Factor Analysis</kwd><kwd>personality</kwd><kwd>sex differences</kwd></kwd-group>
</article-meta>
</front>
<body>
<sec sec-type="intro"><title></title>
<p>What men and women want in mates has consumed poets and professors alike for years. Many magazines devote much of their pages to discussing such issues and doling out advice. Movies, TV, and music content commonly focuses on themes of love and sex. The “obsession” with this topic should be of little surprise; the most important questions in life revolve around love and sex. These questions have received considerable attention from researchers (<xref ref-type="bibr" rid="r4">Buss, 1989</xref>; <xref ref-type="bibr" rid="r14">Eagly, 1987</xref>; <xref ref-type="bibr" rid="r37">Li, Bailey, Kenrick, &amp; Linsenmeier, 2002</xref>; <xref ref-type="bibr" rid="r50">Sprecher, Sullivan, &amp; Hatfield, 1994</xref>; <xref ref-type="bibr" rid="r60">Wiederman &amp; Dubois, 1998</xref>) because choosing mates has consequences in terms of reproductive fitness and psychosocial outcomes (<xref ref-type="bibr" rid="r6">Buss &amp; Schmitt, 1993</xref>; <xref ref-type="bibr" rid="r12">DeLamater, 1987</xref>). Despite this long history and important consequences, the research has been limited in some important psychometric and theoretical ways.</p>
<p>First, nearly all the research has used single-item measures. For instance, the vast majority of work on mate preferences (e.g., <xref ref-type="bibr" rid="r4">Buss, 1989</xref>; <xref ref-type="bibr" rid="r27">Jonason, 2009</xref>; <xref ref-type="bibr" rid="r50">Sprecher, Sullivan, &amp; Hatfield, 1994</xref>; except <xref ref-type="bibr" rid="r5">Buss &amp; Barnes, 1986</xref>) provided individuals with a list of adjectives or traits they might want in their mates. Analyses focused on examining sex differences in each trait. Such analyses can be limited in reliability, validity, and generalizability. For instance, asking about a mate’s “ambition” and “wealth” are treated as equivalent measures of preferences for social status, but knowledge would be better served by focusing more on the “forest” and less on the “trees”. We would argue that mate preferences for individual items (i.e., the trees) are likely just (imperfect) indicators of a preference for some latent trait (i.e., the forest). Even sophisticated methods like the budget-allocation technique (<xref ref-type="bibr" rid="r33">Jonason, Valentine, Li, &amp; Harbeson, 2011</xref>; <xref ref-type="bibr" rid="r37">Li et al., 2002</xref>; <xref ref-type="bibr" rid="r38">Li &amp; Kenrick, 2006</xref>) rely on a handful (≈ 5) of traits chosen by the authors, thus limiting their results despite the utility of ipsative scales (over normative ones) in revealing people’s decision-making priorities. We contend that what is needed to better understand mate preferences is to use factor analysis to understand the latent structure of mate preferences so that our knowledge (1) does not rely on intuitively chosen items and (2) is not subject to the well-known limitations of single-item assessments.</p>
<p>Second, when factor analytic techniques have been done they tended to focus on long-term mate preferences (<xref ref-type="bibr" rid="r5">Buss &amp; Barnes, 1986</xref>; <xref ref-type="bibr" rid="r10">Campbell, Simpson, Kashy, &amp; Fletcher, 2001</xref>; <xref ref-type="bibr" rid="r18">Fletcher, Simpson, Thomas, &amp; Giles, 1999</xref>; <xref ref-type="bibr" rid="r19">Fletcher, Tither, O’Loughlin, Friesen, &amp; Overall, 2004</xref>). Short-term mating is just as paramount to understanding mate preferences as long-term mate preferences (<xref ref-type="bibr" rid="r6">Buss &amp; Schmitt, 1993</xref>). Men and women should be similar in their long-term mate preferences because both sexes invest heavily in each other whereas in the short-term, the sexes should differ because they are in a competitive rather than a cooperative relationship (<xref ref-type="bibr" rid="r37">Li et al., 2002</xref>; <xref ref-type="bibr" rid="r38">Li &amp; Kenrick, 2006</xref>). For instance, both men and women value faces more than bodies in long-term mating contexts, whereas the inverse is true in short-term mating contexts (<xref ref-type="bibr" rid="r11">Confer, Perilloux, &amp; Buss, 2010</xref>; <xref ref-type="bibr" rid="r31">Jonason, Raulston, &amp; Rotolo, 2012</xref>); faces are considered a more stable trait that conveys important information about a person’s personality (i.e., long-term mate preference) whereas the body provides detail more related to genetic quality (i.e., short-term mate preferences). Therefore, by assessing the content of short-term and long-term mate preferences separately, we might provide better detail about men and women’s mate preferences.</p>
<sec sec-type="other1"><title>Structure × Temporal Context</title>
<p>What might we expect to find in terms of mate preferences in the short- and long-term context? According to work on long-term mate preferences there should be three dimensions: physical attractiveness, interpersonal warmth, and social status (<xref ref-type="bibr" rid="r10">Campbell et al., 2001</xref>; <xref ref-type="bibr" rid="r18">Fletcher et al., 1999</xref>, <xref ref-type="bibr" rid="r19">2004</xref>). Physical attractiveness is valued more in short-term contexts more than long-term contexts (<xref ref-type="bibr" rid="r37">Li et al., 2002</xref>; <xref ref-type="bibr" rid="r38">Li &amp; Kenrick, 2006</xref>). Therefore, we expect preferences for attractive mates should occupy a larger portion of the factor structure in the short-term context than the long-term context.</p>
<p>Interpersonal warmth, or the personality of mates, has been measured many ways. For instance, it has been assessed with indicators of interest in kindness, generosity, and sense of humor (<xref ref-type="bibr" rid="r1">Bressler &amp; Balshine, 2006</xref>; <xref ref-type="bibr" rid="r51">Stewart, Stinnett, &amp; Rosenfeld, 2000</xref>; <xref ref-type="bibr" rid="r60">Wiederman &amp; Dubois, 1998</xref>). Preferences for such a mate should be important in both mating contexts. Having desirable personality traits makes individuals appealing as a mate, especially in the long-term (<xref ref-type="bibr" rid="r4">Buss, 1989</xref>). Such traits may provide prosocial and hedonic benefits, thereby leading to more enduring relationships. For instance, a mate with a sense of humor is likely to be seen as a fun person one wants to be around and, thus, increasing potential courtships as well as pairbonds. Similarly, being generous may create a sort of social currency that also brings people around a person, therefore, increasing the odds of a mateship and pairbond forming. Being high on prosocial personality traits may facilitate mating for both sexes and is likely instrumental in forming long-term bonds.</p>
<p>In contrast to the other two aspects of mate preferences, social status may be particularly important in the long-term context (<xref ref-type="bibr" rid="r30">Jonason, Li, &amp; Madson, 2012</xref>). Social status likely conveys a long-term benefit over a short-term one. Casual sex relationships are based mostly on physical attraction (<xref ref-type="bibr" rid="r38">Li &amp; Kenrick, 2006</xref>). Prioritizing social status in short-term mates may not be particularly valuable in any other context than a “for-pay” sexual encounter. The benefits of social status are likely to provide important tangible qualities (e.g., housing, traveling) but those rewards are not immediately extractible or realized unlike the potential benefits derived from a genetically fit or fecund mate.</p></sec>
<sec sec-type="other2"><title>Individual Differences</title>
<p>Not all people desire physical attractiveness, interpersonal warmth, and social status equally. Based on parental investment theory (<xref ref-type="bibr" rid="r58">Trivers, 1972</xref>), men are expected to value physical attractiveness more than women do (<xref ref-type="bibr" rid="r4">Buss, 1989</xref>; <xref ref-type="bibr" rid="r16">Feingold, 1990</xref>; <xref ref-type="bibr" rid="r21">Greitemeyer, 2005</xref>), and this difference should be largest in the long-term context. Based on sexual strategies theory (<xref ref-type="bibr" rid="r6">Buss &amp; Schmitt, 1993</xref>) we predict that women should place a greater emphasis on interpersonal warmth than men do (<xref ref-type="bibr" rid="r13">de Sousa Campos, Otta, &amp; Siqueria, 2002</xref>; <xref ref-type="bibr" rid="r17">Feingold, 1992</xref>; <xref ref-type="bibr" rid="r21">Greitemeyer, 2005</xref>; <xref ref-type="bibr" rid="r22">Harrison &amp; Saeed, 1977</xref>) and that this difference should be strongest in the short-term context. Women should also want mates who have social status more than men do in long-term contexts (<xref ref-type="bibr" rid="r2">Bryan, Webster, &amp; Mahaffey, 2011</xref>; <xref ref-type="bibr" rid="r3">Buss, 1985</xref>; <xref ref-type="bibr" rid="r9">Cameron, Oskamp, &amp; Sparks, 1977</xref>; <xref ref-type="bibr" rid="r36">Lance, 1998</xref>; <xref ref-type="bibr" rid="r40">Pawlowski &amp; Koziel, 2002</xref>; <xref ref-type="bibr" rid="r55">Townsend, Kline, &amp; Wasserman, 1995</xref>; <xref ref-type="bibr" rid="r56">Townsend &amp; Levy, 1990</xref>; <xref ref-type="bibr" rid="r57">Townsend &amp; Wasserman, 1998</xref>).</p>
<p>Beyond sex differences, we expect sociosexuality to inform mate preferences. Sociosexuality is a measure of mating strategies describing individual differences in sexual attitudes, beliefs, and behaviors (<xref ref-type="bibr" rid="r41">Penke &amp; Asendorpf, 2008</xref>; <xref ref-type="bibr" rid="r45">Simpson &amp; Gangestad, 1991</xref>; <xref ref-type="bibr" rid="r59">Webster &amp; Bryan, 2007</xref>). Those who are <italic>unrestricted</italic> in sociosexuality tend to be willing to engage in short-term mating. Unrestricted people are likely to prioritize traits related to physical attractiveness because it tends to be highly sought in short-term encounters (<xref ref-type="bibr" rid="r6">Buss &amp; Schmitt, 1993</xref>; <xref ref-type="bibr" rid="r20">Gangestad &amp; Simpson, 2000</xref>; <xref ref-type="bibr" rid="r32">Jonason, Valentine, &amp; Li, 2012</xref>; <xref ref-type="bibr" rid="r38">Li &amp; Kenrick, 2006</xref>; <xref ref-type="bibr" rid="r46">Simpson &amp; Gangestad, 1992</xref>). We expect mate preferences to be positively correlated with preferences for physically attractive partners in general and to be negatively linked to preferences for desirable personality traits in both contexts.</p>
<p>Those with higher mate value can afford to have higher standards (<xref ref-type="bibr" rid="r8">Buston &amp; Emlen, 2003</xref>; <xref ref-type="bibr" rid="r15">Edlund &amp; Sagarin, 2010</xref>; <xref ref-type="bibr" rid="r34">Kenrick, Groth, Trost, &amp; Sadalla, 1993</xref>; <xref ref-type="bibr" rid="r43">Regan, 1998</xref>). Mate value reflects a composite of a number of physical and psychological traits that individuals desire in their mates; individuals with high mate value are considered to be more desirable as mates than those with lower mate value. Based on economic models of mating psychology (<xref ref-type="bibr" rid="r34">Kenrick et al., 1993</xref>; <xref ref-type="bibr" rid="r37">Li et al., 2002</xref>), we predict that (self-perceived) mate value will be correlated with desire for all of the mate preference factors in the long-term context but just physical attractiveness in the short-term mating context. This is because the greatest investment goes into long-term mate preferences for both sexes (<xref ref-type="bibr" rid="r6">Buss &amp; Schmitt, 1993</xref>; <xref ref-type="bibr" rid="r37">Li et al., 2002</xref>) and short-term mating focuses on physical attractiveness (<xref ref-type="bibr" rid="r6">Buss &amp; Schmitt, 1993</xref>; <xref ref-type="bibr" rid="r38">Li &amp; Kenrick, 2006</xref>). In other words, individuals use their value on the market to buy those traits they value the most in long- and short-term mates. For long-term mates, there is a range of things individuals want (<xref ref-type="bibr" rid="r4">Buss, 1989</xref>) and, therefore, one’s value should go towards buying access to a range of traits. In contrast, physical attractiveness is the most important trait in the short-term mating context and, therefore, individuals should use their mate value to buy this trait in their mates.</p>
<p>Mate preferences are a highly debated topic to this day (<xref ref-type="bibr" rid="r44">Schmitt et al., 2012</xref>). There are two main paradigms to understand mate preferences. Sociocultural researchers contend that (1) sex differences in mate preferences are a function of a division of labor throughout human history (i.e., thousands or even hundreds of years), (2) physical attractiveness does not indicate anything meaningful about a person’s genes or fecundity, and (3) often are informed by feminist, post-modernistic approaches to psychology (<xref ref-type="bibr" rid="r14">Eagly, 1987</xref>; <xref ref-type="bibr" rid="r23">Hill, 1945</xref>; <xref ref-type="bibr" rid="r24">Howard, Blumstein, &amp; Schwartz, 1987</xref>; <xref ref-type="bibr" rid="r25">Hoyt &amp; Hudson, 1981</xref>; <xref ref-type="bibr" rid="r26">Hudson &amp; Henze, 1969</xref>). In contrast, evolutionary psychologists contend that (1) sex differences are a function of context-specific adaptations to sexual conflicts over evolutionary history (i.e., millions of years), (2) physical attractiveness is a proxy for fitness and fecundity, and (3) are informed by well-tested assumptions from evolutionary biology (<xref ref-type="bibr" rid="r42">Perilloux, Webster, &amp; Gaulin, 2010</xref>; <xref ref-type="bibr" rid="r47">Singh, 1993</xref>, <xref ref-type="bibr" rid="r48">1995</xref>; <xref ref-type="bibr" rid="r49">Singh &amp; Luis, 1995</xref>; <xref ref-type="bibr" rid="r52">Symons, 1979</xref>; <xref ref-type="bibr" rid="r53">Thornhill &amp; Gangestad, 1994</xref>; <xref ref-type="bibr" rid="r54">Thornhill &amp; Möller, 1997</xref>). Although we do not concern ourselves with the origin question here, we do find ourselves drawn to the evolutionary model given its <italic>a priori</italic> assumptions, cross-cultural generality, content-rich predictions, and parsimony with biology. We adopt an evolutionary paradigm in the design of this study to make sense of our results.</p></sec></sec>
<sec sec-type="methods"><title>Method</title>
<sec><title>Participants</title>
<p>We solicited volunteers to participate in an online study on romantic relationships through fliers posted at a campus health center and in academic departments at a mid-sized university in the southwest United States. Participants were 401 heterosexuals (69% female, 31% male) aged 18–52 years (<italic>M</italic> = 21.67, <italic>SD</italic> = 4.94) who completed an online survey; 56% were in a committed romantic relationship. Only participants from unique IP addresses were included in analyses.</p></sec>
<sec><title>Measures and Procedure</title>
<p>The first author and a research assistant created a list of 20 items to measure various aspects of mate preferences (see <xref ref-type="table" rid="t1">Tables 1</xref> and <xref ref-type="table" rid="t3">3</xref>) drawn from prior studies (e.g., <xref ref-type="bibr" rid="r4">Buss, 1989</xref>; <xref ref-type="bibr" rid="r31">Jonason, Raulston, &amp; Rotolo, 2012</xref>; <xref ref-type="bibr" rid="r37">Li et al., 2002</xref>). We did not attempt to include every potential synonym of the words and traits we are interested in. Instead, we sought a list that had heterogeneity. Participants were asked how much they valued each trait in a partner using a 5-point scale (1 = <italic>not at all</italic>; 5 = <italic>a lot</italic>), and did so for both long- and short-term contexts. In the long-term context, participants were told to “Assume that this is someone who you are committed to and might even consider marrying.” In the short-term context, participants were told to “Assume that this is someone who you know only superficially and are interested in them for sexual reasons.” Such definitions of these two mating contexts have been used before (<xref ref-type="bibr" rid="r37">Li et al., 2002</xref>; <xref ref-type="bibr" rid="r38">Li &amp; Kenrick, 2006</xref>).</p>
<table-wrap id="t1" position="float" orientation="portrait">
<label>Table 1</label><caption><title>Principle Components Analyses With Oblique Rotations for Traits Desired in Long-Term Mates</title></caption>
<table frame="hsides" rules="groups" style="none">
<col width="28%" align="left"/>
<col width="8%"/>
<col width="8%"/>
<col width="8%"/>
<col width="8%"/>
<col width="8%"/>
<col width="8%"/>
<col width="8%"/>
<col width="8%"/>
<col width="8%"/>
<thead>
<tr>
<th rowspan="3" valign="bottom" align="left">Trait</th>
<th colspan="3" scope="colgroup">Initial Solution<hr/></th>
<th colspan="3" scope="colgroup">Secondary Solution<hr/></th>
<th colspan="3" scope="colgroup">Tertiary Solution<hr/></th>
</tr>
<tr>
<th colspan="3" scope="colgroup">Component<hr/></th>
<th colspan="3" scope="colgroup">Component<hr/></th>
<th colspan="3" scope="colgroup">Component<hr/></th>
</tr>
<tr>
<th>1</th>
<th>2</th>
<th>3</th>
<th>1</th>
<th>2</th>
<th>3</th>
<th>1</th>
<th>2</th>
<th>3</th>
</tr>
</thead>
<tbody>
<tr>
<td>Their hips</td>
<td rowspan="1" colspan="1" align="char" char="."><bold>.87</bold></td>
<td rowspan="1" colspan="1" align="char" char=".">-.43</td>
<td colspan="1" rowspan="1" align="char" char=".">.07</td>
<td rowspan="1" colspan="1" align="char" char=".">.79</td>
<td/>
<td/>
<td/>
<td/>
<td/>
</tr>
<tr>
<td>Their waist size</td>
<td rowspan="1" colspan="1" align="char" char="."><bold>.76</bold></td>
<td rowspan="1" colspan="1" align="char" char=".">-.36</td>
<td colspan="1" rowspan="1" align="char" char=".">.10</td>
<td rowspan="1" colspan="1" align="char" char="."><bold>.86</bold></td>
<td/>
<td/>
<td rowspan="1" align="char" char="."><bold>.80</bold></td>
<td/>
<td/>
</tr>
<tr>
<td>Nice body</td>
<td rowspan="1" colspan="1" align="char" char="."><bold>.76</bold></td>
<td rowspan="1" colspan="1" align="char" char=".">-.05</td>
<td colspan="1" rowspan="1" align="char" char=".">.27</td>
<td rowspan="1" colspan="1" align="char" char="."><bold>.81</bold></td>
<td/>
<td/>
<td rowspan="1" align="char" char="."><bold>.84</bold></td>
<td/>
<td/>
</tr>
<tr>
<td>Their chest/breasts</td>
<td rowspan="1" colspan="1" align="char" char="."><bold>.75</bold></td>
<td rowspan="1" colspan="1" align="char" char=".">-.19</td>
<td colspan="1" rowspan="1" align="char" char=".">-.05</td>
<td rowspan="1" colspan="1" align="char" char=".">.72</td>
<td/>
<td/>
<td/>
<td/>
<td/>
</tr>
<tr>
<td>Their nose</td>
<td rowspan="1" colspan="1" align="char" char="."><bold>.74</bold></td>
<td rowspan="1" colspan="1" align="char" char=".">-.03</td>
<td colspan="1" rowspan="1" align="char" char=".">.00</td>
<td rowspan="1" colspan="1" align="char" char=".">.70</td>
<td/>
<td/>
<td/>
<td/>
<td/>
</tr>
<tr>
<td>Facial beauty</td>
<td rowspan="1" colspan="1" align="char" char="."><bold>.74</bold></td>
<td rowspan="1" colspan="1" align="char" char=".">-.05</td>
<td colspan="1" rowspan="1" align="char" char=".">.23</td>
<td rowspan="1" colspan="1" align="char" char=".">.72</td>
<td/>
<td/>
<td/>
<td/>
<td/>
</tr>
<tr>
<td>Physical fitness</td>
<td rowspan="1" colspan="1" align="char" char="."><bold>.71</bold></td>
<td rowspan="1" colspan="1" align="char" char=".">.05</td>
<td colspan="1" rowspan="1" align="char" char=".">.19</td>
<td rowspan="1" colspan="1" align="char" char=".">.75</td>
<td/>
<td/>
<td/>
<td/>
<td/>
</tr>
<tr>
<td>Weight</td>
<td rowspan="1" colspan="1" align="char" char="."><bold>.70</bold></td>
<td rowspan="1" colspan="1" align="char" char=".">-.14</td>
<td colspan="1" rowspan="1" align="char" char=".">.22</td>
<td rowspan="1" colspan="1" align="char" char="."><bold>.82</bold></td>
<td/>
<td/>
<td rowspan="1" align="char" char="."><bold>.90</bold></td>
<td/>
<td/>
</tr>
<tr>
<td>Their arms</td>
<td rowspan="1" colspan="1" align="char" char=".">.69</td>
<td rowspan="1" colspan="1" align="char" char=".">-.03</td>
<td colspan="1" rowspan="1" align="char" char=".">-.13</td>
<td/>
<td/>
<td/>
<td/>
<td/>
<td/>
</tr>
<tr>
<td>Their eyes</td>
<td rowspan="1" colspan="1" align="char" char=".">.65</td>
<td rowspan="1" colspan="1" align="char" char=".">.01</td>
<td colspan="1" rowspan="1" align="char" char=".">.05</td>
<td/>
<td/>
<td/>
<td/>
<td/>
<td/>
</tr>
<tr>
<td>Presence of hair</td>
<td rowspan="1" colspan="1" align="char" char=".">.60</td>
<td rowspan="1" colspan="1" align="char" char=".">-.08</td>
<td colspan="1" rowspan="1" align="char" char=".">.13</td>
<td/>
<td/>
<td/>
<td/>
<td/>
<td/>
</tr>
<tr>
<td>Height</td>
<td rowspan="1" colspan="1" align="char" char=".">.56</td>
<td rowspan="1" colspan="1" align="char" char=".">.11</td>
<td colspan="1" rowspan="1" align="char" char=".">-.17</td>
<td/>
<td/>
<td/>
<td/>
<td/>
<td/>
</tr>
<tr>
<td>Social status</td>
<td rowspan="1" colspan="1" align="char" char=".">.53</td>
<td rowspan="1" colspan="1" align="char" char=".">.22</td>
<td colspan="1" rowspan="1" align="char" char="."><bold>-.71</bold></td>
<td/>
<td/>
<td colspan="1" rowspan="1" align="char" char="."><bold>-.78</bold></td>
<td/>
<td/>
<td rowspan="1" colspan="1" align="char" char="."><bold>-.80</bold></td>
</tr>
<tr>
<td>Wealth</td>
<td rowspan="1" colspan="1" align="char" char=".">.51</td>
<td rowspan="1" colspan="1" align="char" char=".">.21</td>
<td colspan="1" rowspan="1" align="char" char="."><bold>-.76</bold></td>
<td/>
<td/>
<td colspan="1" rowspan="1" align="char" char="."><bold>-.82</bold></td>
<td/>
<td/>
<td rowspan="1" colspan="1" align="char" char="."><bold>-.82</bold></td>
</tr>
<tr>
<td>Education/intelligence</td>
<td rowspan="1" colspan="1" align="char" char=".">.36</td>
<td rowspan="1" colspan="1" align="char" char=".">.41</td>
<td colspan="1" rowspan="1" align="char" char=".">-.07</td>
<td/>
<td/>
<td/>
<td/>
<td/>
<td/>
</tr>
<tr>
<td>Job/employment</td>
<td rowspan="1" colspan="1" align="char" char=".">.30</td>
<td rowspan="1" colspan="1" align="char" char=".">.54</td>
<td colspan="1" rowspan="1" align="char" char="."><bold>-.71</bold></td>
<td/>
<td/>
<td colspan="1" rowspan="1" align="char" char="."><bold>-.72</bold></td>
<td/>
<td/>
<td rowspan="1" colspan="1" align="char" char="."><bold>-.72</bold></td>
</tr>
<tr>
<td>Ambition</td>
<td rowspan="1" colspan="1" align="char" char=".">.17</td>
<td rowspan="1" colspan="1" align="char" char=".">.48</td>
<td colspan="1" rowspan="1" align="char" char=".">-.02</td>
<td/>
<td/>
<td/>
<td/>
<td/>
<td/>
</tr>
<tr>
<td>Sense of humor</td>
<td rowspan="1" colspan="1" align="char" char=".">.12</td>
<td rowspan="1" colspan="1" align="char" char="."><bold>.72</bold></td>
<td colspan="1" rowspan="1" align="char" char=".">.31</td>
<td/>
<td rowspan="1" colspan="1" align="char" char="."><bold>.71</bold></td>
<td/>
<td/>
<td rowspan="1" colspan="1" align="char" char="."><bold>.72</bold></td>
<td/>
</tr>
<tr>
<td>Kindness</td>
<td rowspan="1" colspan="1" align="char" char=".">.07</td>
<td rowspan="1" colspan="1" align="char" char="."><bold>.83</bold></td>
<td colspan="1" rowspan="1" align="char" char=".">.25</td>
<td/>
<td rowspan="1" colspan="1" align="char" char="."><bold>.82</bold></td>
<td/>
<td/>
<td rowspan="1" colspan="1" align="char" char="."><bold>.83</bold></td>
<td/>
</tr>
<tr>
<td>Sincerity</td>
<td rowspan="1" colspan="1" align="char" char=".">.04</td>
<td rowspan="1" colspan="1" align="char" char="."><bold>.85</bold></td>
<td colspan="1" rowspan="1" align="char" char=".">.38</td>
<td/>
<td rowspan="1" colspan="1" align="char" char="."><bold>.84</bold></td>
<td/>
<td/>
<td rowspan="1" colspan="1" align="char" char="."><bold>.85</bold></td>
<td/>
</tr>
<tr style="grey-borders-top">
<td align="right">% Variance explained</td>
<td rowspan="1" colspan="1" align="char" char=".">35.05</td>
<td rowspan="1" colspan="1" align="char" char=".">13.94</td>
<td colspan="1" rowspan="1" align="char" char=".">7.16</td>
<td rowspan="1" colspan="1" align="char" char=".">35.35</td>
<td rowspan="1" colspan="1" align="char" char=".">18.66</td>
<td colspan="1" rowspan="1" align="char" char=".">11.17</td>
<td colspan="1" rowspan="1" align="char" char=".">29.79</td>
<td rowspan="1" colspan="1" align="char" char=".">23.87</td>
<td rowspan="1" colspan="1" align="char" char=".">14.08</td>
</tr>
<tr>
<td align="right">Eigen Value</td>
<td rowspan="1" colspan="1" align="char" char=".">7.01</td>
<td rowspan="1" colspan="1" align="char" char=".">2.79</td>
<td colspan="1" rowspan="1" align="char" char=".">1.43</td>
<td rowspan="1" colspan="1" align="char" char=".">4.24</td>
<td rowspan="1" colspan="1" align="char" char=".">2.24</td>
<td colspan="1" rowspan="1" align="char" char=".">1.32</td>
<td colspan="1" rowspan="1" align="char" char=".">2.68</td>
<td rowspan="1" colspan="1" align="char" char=".">2.15</td>
<td rowspan="1" colspan="1" align="char" char=".">1.27</td>
</tr>
</tbody>
</table>
<table-wrap-foot>
<p><italic>Note.</italic> Bolded items were retained for subsequent analyses.</p>
</table-wrap-foot>
</table-wrap>
<p>We assessed mating strategy using the seven-item Sociosexuality Orientation Index (<xref ref-type="bibr" rid="r45">Simpson &amp; Gangestad, 1991</xref>). Participants responded to questions like “With how many partners have you had sex on one and only one occasion?” and “I can imagine myself being comfortable and enjoying casual sex with different partners.” Items were standardized (<italic>z</italic>-scored) before averaging into an index (Cronbach’s α = .78; <italic>M</italic> = 0.00, <italic>SD</italic> = 0.60).</p>
<p>Participants’ own mate value was assessed using the 22-item Mate-Value Inventory (<xref ref-type="bibr" rid="r35">Kirsner, Figueredo, &amp; Jacobs, 2003</xref>). A sample item asks agreement (1 = <italic>not at all</italic>; 7 = <italic>very much</italic>) with the statement: “I am a person with a good sense of humor.” Items were averaged into an index of participants mate-value (α = .88; <italic>M</italic> = 5.60, <italic>SD</italic> = 1.11).</p></sec></sec>
<sec sec-type="results"><title>Results</title>
<p>First, we split the file in half maintaining the same ratio of men to women in the full sample (70% women; 30% men). Using 200 of the participants, we examined the latent dimensions of long- and short-term mate preferences, and then ran a series of separate principle components analyses (PCAs) for each. <xref ref-type="table" rid="t1">Table 1</xref> contains the results for long-term mates.</p>
<p>Initially, there appeared to be a three-factor solution. When we reran the analysis with only those items loading ≥ .70, we found a three-factor solution in the secondary solution. To ensure that each of the dimensions had an equivalent number of items, we retained the three items that loaded the best for a tertiary PCA. The three factors reflected preferences for physical attractiveness, interpersonal warmth, and social status. These labels were chosen as they reflect prior work (<xref ref-type="bibr" rid="r10">Campbell et al., 2001</xref>; <xref ref-type="bibr" rid="r18">Fletcher et al., 1999</xref>, <xref ref-type="bibr" rid="r19">2004</xref>). When the three-items were averaged within their respective factors, they showed acceptable internal consistency, especially for three-item scales (αs = .81, .73, and .69, respectively). Using the second half of the sample (<italic>N</italic> = 201), we conducted a confirmatory factor analyses (CFAs). We compared one- and three-factor models for long-term mate preferences; the three-factor model fit the data better than a one-factor model<sup>i</sup> (<xref ref-type="table" rid="t2">Table 2</xref>).</p>
<table-wrap id="t2" position="float" orientation="portrait">
<label>Table 2</label><caption><title>Confirmatory Factor Analyses Verifying the Three Dimensional Structure of Long-Term and Short-Term Mate Preferences</title></caption>
<table frame="hsides" rules="groups">
<col width="33%" align="left"/>
<col width="13%"/>
<col width="7%"/>
<col width="7%"/>
<col width="7%"/>
<col width="33%"/>
<thead>
<tr>
<th/>
<th>χ<sup>2</sup></th>
<th><italic>df</italic></th>
<th>NFI</th>
<th>CFI</th>
<th>RMSEA [90% CI]</th>
</tr>
</thead>
<tbody>
<tr>
<th colspan="6">Long-term mates</th>
</tr>
<tr>
<td style="indent">One factor model</td>
<td rowspan="1" colspan="1" align="char" char=".">569.57**</td>
<td>27</td>
<td rowspan="1" colspan="1" align="char" char=".">.47</td>
<td rowspan="1" colspan="1" align="char" char=".">.48</td>
<td>.22 [.21, .24]</td>
</tr>
<tr>
<td style="indent">Three factor model</td>
<td rowspan="1" colspan="1" align="char" char=".">59.10**</td>
<td>24</td>
<td rowspan="1" colspan="1" align="char" char=".">.95</td>
<td rowspan="1" colspan="1" align="char" char=".">.97</td>
<td>.06 [.04, .08]</td>
</tr>
<tr>
<td style="indent">Difference</td>
<td rowspan="1" colspan="1" align="char" char=".">510.47**</td>
<td>3</td>
<td/>
<td/>
<td/>
</tr>
<tr>
<th colspan="6">Short-term mates</th>
</tr>
<tr>
<td style="indent">One factor model</td>
<td rowspan="1" colspan="1" align="char" char=".">1,369.33**</td>
<td>27</td>
<td rowspan="1" colspan="1" align="char" char=".">.54</td>
<td rowspan="1" colspan="1" align="char" char=".">.54</td>
<td>.35 [.34, .37]</td>
</tr>
<tr>
<td style="indent">Three factor model</td>
<td rowspan="1" colspan="1" align="char" char=".">94.90**</td>
<td>24</td>
<td rowspan="1" colspan="1" align="char" char=".">.97</td>
<td rowspan="1" colspan="1" align="char" char=".">.98</td>
<td>.09 [.07, .10]</td>
</tr>
<tr>
<td style="indent">Difference</td>
<td rowspan="1" colspan="1" align="char" char=".">1,274.43**</td>
<td>3</td>
<td/>
<td/>
<td/>
</tr>
</tbody>
</table>
<table-wrap-foot>
<p>**<italic>p</italic> &lt; .01.</p>
</table-wrap-foot>
</table-wrap>
<table-wrap id="t3" position="float" orientation="portrait">
<label>Table 3</label><caption><title>Principle Components Analyses With Oblique Rotations for Traits Desired in Short-Term Mates</title></caption>
<table frame="hsides" rules="groups">
<col width="28%" align="left"/>
<col width="8%"/>
<col width="8%"/>
<col width="8%"/>
<col width="8%"/>
<col width="8%"/>
<col width="8%"/>
<col width="8%"/>
<col width="8%"/>
<col width="8%"/>
<thead>
<tr>
<th rowspan="3" valign="bottom" align="left">Trait</th>
<th colspan="3" scope="colgroup">Initial Solution<hr/></th>
<th colspan="3" scope="colgroup">Secondary Solution<hr/></th>
<th colspan="3" scope="colgroup">Tertiary Solution<hr/></th>
</tr>
<tr>
<th colspan="3" scope="colgroup">Component<hr/></th>
<th colspan="3" scope="colgroup">Component<hr/></th>
<th colspan="3" scope="colgroup">Component<hr/></th>
</tr>
<tr>
<th>1</th>
<th>2</th>
<th>3</th>
<th>1</th>
<th>2</th>
<th>3</th>
<th>1</th>
<th>2</th>
<th>3</th>
</tr>
</thead>
<tbody>
<tr>
<td>Nice body</td>
<td rowspan="1" colspan="1" align="char" char="."><bold>.90</bold></td>
<td rowspan="1" colspan="1" align="char" char=".">-.12</td>
<td colspan="1" rowspan="1" align="char" char=".">-.37</td>
<td colspan="1" rowspan="1" align="char" char="."><bold>.89</bold></td>
<td/>
<td/>
<td colspan="1" rowspan="1" align="char" char="."><bold>.90</bold></td>
<td/>
<td/>
</tr>
<tr>
<td>Facial beauty</td>
<td rowspan="1" colspan="1" align="char" char="."><bold>.90</bold></td>
<td rowspan="1" colspan="1" align="char" char=".">-.06</td>
<td colspan="1" rowspan="1" align="char" char=".">-.40</td>
<td colspan="1" rowspan="1" align="char" char="."><bold>.91</bold></td>
<td/>
<td/>
<td colspan="1" rowspan="1" align="char" char="."><bold>.92</bold></td>
<td/>
<td/>
</tr>
<tr>
<td>Physical fitness</td>
<td rowspan="1" colspan="1" align="char" char="."><bold>.84</bold></td>
<td rowspan="1" colspan="1" align="char" char=".">.06</td>
<td colspan="1" rowspan="1" align="char" char=".">-.36</td>
<td colspan="1" rowspan="1" align="char" char="."><bold>.87</bold></td>
<td/>
<td/>
<td colspan="1" rowspan="1" align="char" char="."><bold>.91</bold></td>
<td/>
<td/>
</tr>
<tr>
<td>Their arms</td>
<td rowspan="1" colspan="1" align="char" char="."><bold>.82</bold></td>
<td rowspan="1" colspan="1" align="char" char=".">.05</td>
<td colspan="1" rowspan="1" align="char" char=".">.53</td>
<td colspan="1" rowspan="1" align="char" char=".">.79</td>
<td/>
<td/>
<td/>
<td/>
<td/>
</tr>
<tr>
<td>Their chest/breasts</td>
<td rowspan="1" colspan="1" align="char" char="."><bold>.81</bold></td>
<td rowspan="1" colspan="1" align="char" char=".">-.21</td>
<td colspan="1" rowspan="1" align="char" char="."><bold>.70</bold></td>
<td colspan="1" rowspan="1" align="char" char=".">.79</td>
<td/>
<td rowspan="1" colspan="1" align="char" char="."><bold>.74</bold></td>
<td/>
<td/>
<td rowspan="1" colspan="1" align="char" char="."><bold>.83</bold></td>
</tr>
<tr>
<td>Their nose</td>
<td rowspan="1" colspan="1" align="char" char="."><bold>.81</bold></td>
<td rowspan="1" colspan="1" align="char" char=".">-.03</td>
<td colspan="1" rowspan="1" align="char" char=".">.62</td>
<td colspan="1" rowspan="1" align="char" char=".">.79</td>
<td/>
<td/>
<td/>
<td/>
<td/>
</tr>
<tr>
<td>Their waist size</td>
<td rowspan="1" colspan="1" align="char" char="."><bold>.80</bold></td>
<td rowspan="1" colspan="1" align="char" char=".">-.23</td>
<td colspan="1" rowspan="1" align="char" char="."><bold>.70</bold></td>
<td colspan="1" rowspan="1" align="char" char=".">.75</td>
<td/>
<td rowspan="1" colspan="1" align="char" char="."><bold>.78</bold></td>
<td/>
<td/>
<td rowspan="1" colspan="1" align="char" char="."><bold>.93</bold></td>
</tr>
<tr>
<td>Weight</td>
<td rowspan="1" colspan="1" align="char" char="."><bold>.79</bold></td>
<td rowspan="1" colspan="1" align="char" char=".">-.20</td>
<td colspan="1" rowspan="1" align="char" char=".">-.30</td>
<td colspan="1" rowspan="1" align="char" char=".">.75</td>
<td/>
<td/>
<td/>
<td/>
<td/>
</tr>
<tr>
<td>Their hips</td>
<td rowspan="1" colspan="1" align="char" char="."><bold>.78</bold></td>
<td rowspan="1" colspan="1" align="char" char=".">-.20</td>
<td colspan="1" rowspan="1" align="char" char="."><bold>.74</bold></td>
<td colspan="1" rowspan="1" align="char" char=".">.77</td>
<td/>
<td rowspan="1" colspan="1" align="char" char="."><bold>.80</bold></td>
<td/>
<td/>
<td rowspan="1" colspan="1" align="char" char="."><bold>.97</bold></td>
</tr>
<tr>
<td>Their eyes</td>
<td rowspan="1" colspan="1" align="char" char="."><bold>.78</bold></td>
<td rowspan="1" colspan="1" align="char" char=".">.08</td>
<td colspan="1" rowspan="1" align="char" char=".">.48</td>
<td colspan="1" rowspan="1" align="char" char=".">.75</td>
<td/>
<td/>
<td/>
<td/>
<td/>
</tr>
<tr>
<td>Height</td>
<td rowspan="1" colspan="1" align="char" char="."><bold>.70</bold></td>
<td rowspan="1" colspan="1" align="char" char=".">.06</td>
<td colspan="1" rowspan="1" align="char" char=".">-.27</td>
<td colspan="1" rowspan="1" align="char" char=".">.67</td>
<td/>
<td/>
<td/>
<td/>
<td/>
</tr>
<tr>
<td>Presence of hair</td>
<td rowspan="1" colspan="1" align="char" char="."><bold>.70</bold></td>
<td rowspan="1" colspan="1" align="char" char=".">-.08</td>
<td colspan="1" rowspan="1" align="char" char=".">.36</td>
<td colspan="1" rowspan="1" align="char" char=".">.66</td>
<td/>
<td/>
<td/>
<td/>
<td/>
</tr>
<tr>
<td>Social status</td>
<td rowspan="1" colspan="1" align="char" char=".">.52</td>
<td rowspan="1" colspan="1" align="char" char=".">.52</td>
<td colspan="1" rowspan="1" align="char" char=".">.23</td>
<td/>
<td/>
<td/>
<td/>
<td/>
<td/>
</tr>
<tr>
<td>Wealth</td>
<td rowspan="1" colspan="1" align="char" char=".">.50</td>
<td rowspan="1" colspan="1" align="char" char="."><bold>.70</bold></td>
<td colspan="1" rowspan="1" align="char" char=".">.40</td>
<td/>
<td rowspan="1" colspan="1" align="char" char=".">.43</td>
<td/>
<td/>
<td/>
<td/>
</tr>
<tr>
<td>Job/employment</td>
<td rowspan="1" colspan="1" align="char" char=".">.16</td>
<td rowspan="1" colspan="1" align="char" char="."><bold>.70</bold></td>
<td colspan="1" rowspan="1" align="char" char=".">.27</td>
<td/>
<td rowspan="1" colspan="1" align="char" char=".">.79</td>
<td/>
<td/>
<td/>
<td/>
</tr>
<tr>
<td>Education/intelligence</td>
<td rowspan="1" colspan="1" align="char" char=".">.15</td>
<td rowspan="1" colspan="1" align="char" char="."><bold>.75</bold></td>
<td colspan="1" rowspan="1" align="char" char=".">.05</td>
<td/>
<td rowspan="1" colspan="1" align="char" char=".">.70</td>
<td/>
<td/>
<td/>
<td/>
</tr>
<tr>
<td>Sense of humor</td>
<td rowspan="1" colspan="1" align="char" char=".">.10</td>
<td rowspan="1" colspan="1" align="char" char="."><bold>.77</bold></td>
<td colspan="1" rowspan="1" align="char" char=".">-.27</td>
<td/>
<td rowspan="1" colspan="1" align="char" char=".">.68</td>
<td/>
<td/>
<td/>
<td/>
</tr>
<tr>
<td>Kindness</td>
<td rowspan="1" colspan="1" align="char" char=".">.03</td>
<td rowspan="1" colspan="1" align="char" char="."><bold>.88</bold></td>
<td colspan="1" rowspan="1" align="char" char=".">-.21</td>
<td/>
<td rowspan="1" colspan="1" align="char" char="."><bold>.84</bold></td>
<td/>
<td/>
<td rowspan="1" colspan="1" align="char" char="."><bold>.87</bold></td>
<td/>
</tr>
<tr>
<td>Ambition</td>
<td rowspan="1" colspan="1" align="char" char=".">.02</td>
<td rowspan="1" colspan="1" align="char" char="."><bold>.79</bold></td>
<td colspan="1" rowspan="1" align="char" char=".">.13</td>
<td/>
<td rowspan="1" colspan="1" align="char" char="."><bold>.84</bold></td>
<td/>
<td/>
<td rowspan="1" colspan="1" align="char" char="."><bold>.88</bold></td>
<td/>
</tr>
<tr>
<td>Sincerity</td>
<td rowspan="1" colspan="1" align="char" char=".">.01</td>
<td rowspan="1" colspan="1" align="char" char="."><bold>.87</bold></td>
<td colspan="1" rowspan="1" align="char" char=".">-.12</td>
<td/>
<td rowspan="1" colspan="1" align="char" char="."><bold>.88</bold></td>
<td/>
<td/>
<td rowspan="1" colspan="1" align="char" char="."><bold>.91</bold></td>
<td/>
</tr>
<tr style="grey-borders-top">
<td align="right">% Variance explained</td>
<td rowspan="1" colspan="1" align="char" char=".">36.67</td>
<td rowspan="1" colspan="1" align="char" char=".">21.10</td>
<td colspan="1" rowspan="1" align="char" char=".">6.63</td>
<td colspan="1" rowspan="1" align="char" char=".">40.35</td>
<td rowspan="1" colspan="1" align="char" char=".">27.81</td>
<td rowspan="1" colspan="1" align="char" char=".">10.06</td>
<td colspan="1" rowspan="1" align="char" char=".">47.79</td>
<td rowspan="1" colspan="1" align="char" char=".">26.52</td>
<td rowspan="1" colspan="1" align="char" char=".">11.11</td>
</tr>
<tr>
<td align="right">Eigen Value</td>
<td rowspan="1" colspan="1" align="char" char=".">7.93</td>
<td rowspan="1" colspan="1" align="char" char=".">4.22</td>
<td colspan="1" rowspan="1" align="char" char=".">1.33</td>
<td colspan="1" rowspan="1" align="char" char=".">4.44</td>
<td rowspan="1" colspan="1" align="char" char=".">3.06</td>
<td rowspan="1" colspan="1" align="char" char=".">1.11</td>
<td colspan="1" rowspan="1" align="char" char=".">4.30</td>
<td rowspan="1" colspan="1" align="char" char=".">2.34</td>
<td rowspan="1" colspan="1" align="char" char=".">1.00</td>
</tr>
</tbody>
</table>
<table-wrap-foot>
<p><italic>Note.</italic> Bolded items were retained for subsequent analyses.</p>
</table-wrap-foot>
</table-wrap>
<p><xref ref-type="table" rid="t3">Table 3</xref> contains the same PCA for short-term mate preferences. In descending order, the three factors reflected preferences for overall attractiveness, interpersonal warmth, and physical traits. When the 3-items were averaged within their respective factors, they showed good internal consistency (αs = .93, .86, and .93, respectively). While Factors 1 and 2 appeared for both long- and short-term contexts, they were composed of different items. For instance, the attractiveness dimension for long-term mates was composed of valuing the mates’ weight, body, and waist size, whereas the same dimension for short-term mates was composed of valuing a nice body, facial beauty, and physical fitness. Nevertheless, the three-factor model fit the data better than a one-factor model again.</p>
<p>In <xref ref-type="table" rid="t4">Table 4</xref> we replicate and extend what we know about sex differences and similarities in mate preferences. Men value physical attractiveness more than women do but this effect is strongest in the long-term context. Women value interpersonal warmth more than men do but this effect is strongest in the short-term context. Together these suggest women place a lesser value in physical attractiveness in long-term mates whereas men place a lesser value in interpersonal warmth in short-term mates. Women valued social status more than men did and men valued physical characteristics more than women did.</p>
<table-wrap id="t4" position="anchor" orientation="portrait">
<label>Table 4</label><caption><title>Descriptive Statistics and Sex Differences for the Mate Preferences Dimensions</title></caption>
<table frame="hsides" rules="groups">
<col width="31%" align="left"/>
<col width="15%"/>
<col width="15%"/>
<col width="15%"/>
<col width="12%"/>
<col width="12%"/>
<thead>
<tr>
<th rowspan="2" valign="bottom"/>
<th colspan="3" scope="colgroup"><italic>M</italic> (SD)<hr /></th>
<th rowspan="2" valign="bottom"><italic>t</italic></th>
<th rowspan="2" valign="bottom"><italic>d</italic></th>
</tr>
<tr>
<th>Overall</th>
<th>Women</th>
<th>Men</th>
</tr>
</thead>
<tbody>
<tr>
<th colspan="6" scope="colgroup">Long-term mates</th>
</tr>
<tr>
<td style="indent">Physical attractiveness</td>
<td>3.27 (0.94)</td>
<td>3.05 (0.92)</td>
<td>3.79 (0.78)</td>
<td rowspan="1" colspan="1" align="char" char=".">-7.70**</td>
<td rowspan="1" colspan="1" align="char" char=".">-0.77</td>
</tr>
<tr>
<td style="indent">Interpersonal warmth</td>
<td>4.73 (0.46)</td>
<td>4.81 (0.38)</td>
<td>4.54 (0.56)</td>
<td rowspan="1" colspan="1" align="char" char=".">5.47**</td>
<td rowspan="1" colspan="1" align="char" char=".">0.55</td>
</tr>
<tr>
<td style="indent">Social Status</td>
<td>3.17 (0.91)</td>
<td>3.29 (0.90)</td>
<td>2.91 (0.88)</td>
<td rowspan="1" colspan="1" align="char" char=".">3.96**</td>
<td rowspan="1" colspan="1" align="char" char=".">0.40</td>
</tr>
<tr>
<th colspan="6">Short-term mates</th>
</tr>
<tr>
<td style="indent">Physical attractiveness</td>
<td>3.94 (1.02)</td>
<td>3.86 (1.03)</td>
<td>4.13 (0.99)</td>
<td rowspan="1" colspan="1" align="char" char=".">-2.50*</td>
<td rowspan="1" colspan="1" align="char" char=".">-0.25</td>
</tr>
<tr>
<td style="indent">Interpersonal warmth</td>
<td>3.76 (1.10)</td>
<td>4.04 (0.93)</td>
<td>3.12 (1.19)</td>
<td rowspan="1" colspan="1" align="char" char=".">8.34**</td>
<td rowspan="1" colspan="1" align="char" char=".">0.84</td>
</tr>
<tr>
<td style="indent">Physical traits</td>
<td>3.22 (1.27)</td>
<td>2.90 (1.21)</td>
<td>3.94 (1.08)</td>
<td rowspan="1" colspan="1" align="char" char=".">-8.19**</td>
<td rowspan="1" colspan="1" align="char" char=".">-0.82</td>
</tr>
</tbody>
</table>
<table-wrap-foot>
<p><italic>Note. d</italic> is Cohen’s <italic>d</italic>. </p>
<p>*<italic>p</italic> &lt; .05. **<italic>p</italic> &lt; .01.</p>
</table-wrap-foot>
</table-wrap>
<p>Last, we examined correlations among our six mate preference dimensions and measures of sociosexuality and mate value. Unrestricted sociosexuality was positively associated with preferences for physical attractiveness in the short-term (<italic>r</italic>(399) = .29, <italic>p</italic> &lt; .01) and long-term context (<italic>r</italic>(399) = .14, <italic>p</italic> &lt; .05); negatively correlated with interpersonal warmth in the short- (<italic>r</italic>(398) = -.12, <italic>p</italic> &lt; .05) and long-term (<italic>r</italic>(399) = -.41, <italic>p</italic> &lt; .01); and correlated with preferences for physical traits in the short-term (<italic>r</italic>(398) = .26, <italic>p</italic> &lt; .01). Higher levels of perceived mate value were associated with greater value placed in having long-term mates who were attractive (<italic>r</italic>(399) = .16, <italic>p</italic> &lt; .05), interpersonally warm (<italic>r</italic>(399) = .10, <italic>p</italic> &lt; .05), and who had social status (<italic>r</italic>(398) = .10, <italic>p</italic> &lt; .05). Mate value correlated with preferences for a physically attractive mate (<italic>r</italic>(399) = .21, <italic>p</italic> &lt; .01) and one who was interpersonally warm (<italic>r</italic>(398) = .12, <italic>p</italic> &lt; .05) in the short-term; mate value was not correlated with preferences for physical traits (<italic>r</italic> = .09).</p></sec>
<sec sec-type="discussion"><title>Discussion</title>
<p>Social-personality psychologists have studied mate preferences for decades (<xref ref-type="bibr" rid="r4">Buss, 1989</xref>; <xref ref-type="bibr" rid="r14">Eagly, 1987</xref>; <xref ref-type="bibr" rid="r37">Li et al., 2002</xref>; <xref ref-type="bibr" rid="r50">Sprecher, Sullivan, &amp; Hatfield, 1994</xref>; <xref ref-type="bibr" rid="r60">Wiederman &amp; Dubois, 1998</xref>). Importantly, by making the distinction between long- and short-term mating we provide some unique insights. By running separate factor analyses, we were able to show that not only did the content of mate preferences differ by mating context, but that each context has three primary dimensions. Prior attempts to factor analyze the latent structure of mate preferences has revealed a 3-factor structure, but it concerned itself with long-term mate preferences (<xref ref-type="bibr" rid="r10">Campbell et al., 2001</xref>; <xref ref-type="bibr" rid="r18">Fletcher et al., 1999</xref>, <xref ref-type="bibr" rid="r19">2004</xref>). We extended this work by using the same data analysis technique, but examined the content and structure of mate preferences across the fundamentally important distinction of temporal context (<xref ref-type="bibr" rid="r6">Buss &amp; Schmitt, 1993</xref>). Therefore, we have provided the first (that we know of) factor analysis of short-term mate preferences and the first comparison of the content of mate preferences in these two contexts instead of assuming the content and structure are the same as appears to have been done. Additionally, we replicated sex differences/similarities and individual difference correlations with sociosexuality and mate value as a means of testing the emergent dimensions we uncovered in our factor analyses.</p>
<p>Given the central role of physical attractiveness in casual sex (<xref ref-type="bibr" rid="r38">Li &amp; Kenrick, 2006</xref>), we expected, and found, that it occupies more (i.e., 2/3 of the dimensions) dimensional space. In contrast, physical attractiveness plays a less central role in long-term relationships (<xref ref-type="bibr" rid="r37">Li et al., 2002</xref>) and, accordingly, occupies less space in the factor structure. In as much as short-term mating is done for physical enjoyment through physical attraction, preferences for specific physical attributes may act as a separate component to just being physically attractive. In this context, individuals may have more elaborate preferences for the physical features of their mates than previously understood. Preferences for physically attractive mates in the long-term may act as a threshold. That is, the mate simply needs to have an adequate amount of physical appeal and, therefore, the physical preferences in the long-term are less elaborate than in the short-term. Indeed, physical attractiveness is devalued in both sexes in the long-term context (<xref ref-type="bibr" rid="r4">Buss, 1989</xref>; <xref ref-type="bibr" rid="r37">Li et al., 2002</xref>; <xref ref-type="bibr" rid="r38">Li &amp; Kenrick, 2006</xref>). In addition, we found that social status drops out as an important part of the mate preference structure in the short-term context. This may be a function of the delayed benefits associated with social status (<xref ref-type="bibr" rid="r30">Jonason, Li, &amp; Madson, 2012</xref>). Concurrently, social status remains important in long-term mate preferences.</p>
<p>Consistent with parental investment theory (<xref ref-type="bibr" rid="r58">Trivers, 1972</xref>) and sexual strategies theory (<xref ref-type="bibr" rid="r6">Buss &amp; Schmitt, 1993</xref>), men expressed stronger preferences for physically attractive mates, especially in the long-term. This appears to reflect women valuing this trait less in the long-term than in the short-term whereas men’s interest stays relatively constant. This sex difference, however, is inconsistent with other work suggesting smaller sex differences as men and women converge in their long-term mate preferences (<xref ref-type="bibr" rid="r37">Li et al., 2002</xref>). The variation of the physical feature preference factor in the short-term mating context and the physical attractiveness factor in the long-term mating context may explain this inconsistency. Past research may have overlooked this difference by failing to examine the numerous factors within physical attractiveness.</p>
<p>We also examined the relationships among mating strategies and “value” on the mating market with these mate preference dimensions. Those with a short-term mating strategy are often interested in attractive mates at the exclusion of other traits (<xref ref-type="bibr" rid="r38">Li &amp; Kenrick, 2006</xref>; <xref ref-type="bibr" rid="r46">Simpson &amp; Gangestad, 1992</xref>). Sociosexuality scores were positively correlated with preferences for physically attractive mates in both long- and short-term contexts, and physical features in short-term mates. In addition, having more mate value should relate to increased preferences for all traits (<xref ref-type="bibr" rid="r8">Buston &amp; Emlen, 2003</xref>; <xref ref-type="bibr" rid="r43">Regan, 1998</xref>). For instance, women who are attractive are said to “want it all” (<xref ref-type="bibr" rid="r7">Buss &amp; Shackelford, 2008</xref>). Consistent with that prediction, we found that self-reported mate value was positively related to all our mate preference dimensions.</p>
<p>Our results could be taken as an exercise in developing and validating a measure of mate preferences. Our goal was not to do this and we feel far more work would be needed to validate any such measure. Despite this, a standard, efficient measure of individual differences in mate preferences might be worth pursuing and we offer ours as a tentative measure as a stand-in. A single measure would mean sociocultural and evolutionary researchers are no longer comparing “apples and oranges” and, instead, will all be speaking the same “language”. This should minimize arguments over minutia and enable comparisons between studies. However, developing a standard measure might prove increasingly difficult if one endorses the idea that each relationship is a negotiated solution—and, thus, potentially infinite in variety—as opposed to fixed kinds (<xref ref-type="bibr" rid="r32">Jonason, Valentine, &amp; Li, 2012</xref>).</p>
<sec><title>Limitations and Conclusions</title>
<p>This study had a number of limitations. First, it was a single study and, thus, future research is needed to assess the validity, replicability, and generalizability of the factor structures presented here. While the present factor structure might not hold up in future studies, we provide some unique insights into mate preferences in reference to the latent structure and content of long- and short-term mate preferences.</p>
<p>Second, we used older, one-dimensional measures of mate value and sociosexuality. The mate value measure we used does not consider the possibility that the qualities that grant people value in the mating market could differ in the long- and short-term contexts (<xref ref-type="bibr" rid="r39">Li, Tan, Lewis, &amp; Yong, 2013</xref>). In addition, it is merely a measure self-perceived mate value as opposed to a more objective measure like bilateral symmetry of the face, level of education, or height. Similarly, modern conceptualizations of sociosexuality suggest there are at least three dimensions to describe individual differences in mating strategies (<xref ref-type="bibr" rid="r41">Penke &amp; Asendorpf, 2008</xref>; see also <xref ref-type="bibr" rid="r59">Webster &amp; Bryan, 2007</xref>). By using these measures, we might find stronger correlations than we did when examining individual differences. Nevertheless, the older, shorter measures are still in use today (<xref ref-type="bibr" rid="r28">Jonason &amp; Buss, 2012</xref>).</p>
<p>Last, we may have imposed some experimenter bias. It is possible that the actual structure of men and women’s mate preferences in the long-term and short-term contexts may differ themselves. This study had an insufficient sample size to test whether the sex of the participant moderated the structure of mate preferences. Moreover, by imposing the same list of traits on each mating context, we have failed to tap other aspects of the content of short-term mate preferences hitherto unknown. Alternatively, we have assumed that individual’s preferences for mates are either/or short- or long-term in nature; an assumption that may be flawed (<xref ref-type="bibr" rid="r29">Jonason, Li, &amp; Cason, 2009</xref>). A person could view target mates as sources of both short- and long-term mates as reflected in Strategic Pluralism (<xref ref-type="bibr" rid="r20">Gangestad &amp; Simpson, 2000</xref>). Future work might benefit from such tests.</p>
<p>Despite these limitations, we revealed some novel findings in relation to mate preferences, replicated prior work on mate preferences (<xref ref-type="bibr" rid="r10">Campbell et al., 2001</xref>; <xref ref-type="bibr" rid="r18">Fletcher et al., 1999</xref>, <xref ref-type="bibr" rid="r19">2004</xref>), and confirmed theoretical predictions from evolutionary psychological models of mate preferences (<xref ref-type="bibr" rid="r6">Buss &amp; Schmitt, 1993</xref>; <xref ref-type="bibr" rid="r34">Kenrick et al., 1993</xref>; <xref ref-type="bibr" rid="r38">Li &amp; Kenrick, 2006</xref>). Past research has assumed the content of mate preferences are the same because identical inventories were used to assess mate preferences in each context. We have revealed this may be a mistaken assumption because (1) the content of the same latent dimensions did not have identical indicators, (2) preferences for social status only emerged in the long-term context, and (3) a new dimension of preferences for physical features of short-term mates emerged. Perhaps more psychometrically robust and theoretically-derived assessments of mate preferences will better settle some of the arguments between sociocultural (e.g., <xref ref-type="bibr" rid="r14">Eagly, 1987</xref>) and evolutionary psychologists (e.g., <xref ref-type="bibr" rid="r3">Buss, 1985</xref>).</p></sec></sec>
</body>
<back>
<ref-list><title>References</title>
<ref id="r1"><mixed-citation publication-type="journal"><person-group person-group-type="author"><name name-style="western"><surname>Bressler</surname><given-names>E.</given-names></name><name name-style="western"><surname>Balshine</surname><given-names>S.</given-names></name></person-group> (<year>2006</year>). <article-title>The influence of humor on desirability.</article-title> <source>Evolution and Human Behavior</source>, <volume>27</volume>, <fpage>29</fpage>–<lpage>39</lpage>. <pub-id pub-id-type="doi">10.1016/j.evolhumbehav.2005.06.002</pub-id></mixed-citation></ref>
<ref id="r2"><mixed-citation publication-type="journal"><person-group person-group-type="author"><name name-style="western"><surname>Bryan</surname><given-names>A. D.</given-names></name><name name-style="western"><surname>Webster</surname><given-names>G. D.</given-names></name><name name-style="western"><surname>Mahaffey</surname><given-names>A. L.</given-names></name></person-group> (<year>2011</year>). <article-title>The big, the rich, and the powerful: Physical, financial, and social dimensions of dominance in mating and attraction.</article-title> <source>Personality and Social Psychology Bulletin</source>, <volume>37</volume>, <fpage>365</fpage>–<lpage>382</lpage>. <pub-id pub-id-type="doi">10.1177/0146167210395604</pub-id><pub-id pub-id-type="pmid">21252382</pub-id></mixed-citation></ref>
<ref id="r3"><mixed-citation publication-type="journal"><person-group person-group-type="author"><name name-style="western"><surname>Buss</surname><given-names>D. M.</given-names></name></person-group> (<year>1985</year>). <article-title>Human mate selection.</article-title> <source>American Scientist</source>, <volume>73</volume>, <fpage>47</fpage>–<lpage>51</lpage>.</mixed-citation></ref>
<ref id="r4"><mixed-citation publication-type="journal"><person-group person-group-type="author"><name name-style="western"><surname>Buss</surname><given-names>D. M.</given-names></name></person-group> (<year>1989</year>). <article-title>Sex differences in human mate preferences: Evolutionary hypotheses tested in 37 cultures.</article-title> <source>The Behavioral and Brain Sciences</source>, <volume>12</volume>, <fpage>1</fpage>–<lpage>49</lpage>. <pub-id pub-id-type="doi">10.1017/S0140525X00023992</pub-id></mixed-citation></ref>
<ref id="r5"><mixed-citation publication-type="journal"><person-group person-group-type="author"><name name-style="western"><surname>Buss</surname><given-names>D. M.</given-names></name><name name-style="western"><surname>Barnes</surname><given-names>M.</given-names></name></person-group> (<year>1986</year>). <article-title>Preferences in human mate selection.</article-title> <source>Journal of Personality and Social Psychology</source>, <volume>50</volume>, <fpage>559</fpage>–<lpage>570</lpage>. <pub-id pub-id-type="doi">10.1037/0022-3514.50.3.559</pub-id></mixed-citation></ref>
<ref id="r6"><mixed-citation publication-type="journal"><person-group person-group-type="author"><name name-style="western"><surname>Buss</surname><given-names>D. M.</given-names></name><name name-style="western"><surname>Schmitt</surname><given-names>D. P.</given-names></name></person-group> (<year>1993</year>). <article-title>Sexual strategies theory: An evolutionary perspective on human mating.</article-title> <source>Psychological Review</source>, <volume>100</volume>, <fpage>204</fpage>–<lpage>232</lpage>. <pub-id pub-id-type="doi">10.1037/0033-295X.100.2.204</pub-id><pub-id pub-id-type="pmid">8483982</pub-id></mixed-citation></ref>
<ref id="r7"><mixed-citation publication-type="journal"><person-group person-group-type="author"><name name-style="western"><surname>Buss</surname><given-names>D. M.</given-names></name><name name-style="western"><surname>Shackelford</surname><given-names>T. K.</given-names></name></person-group> (<year>2008</year>). <article-title>Attractive women want it all: Good genes, economic investment, parenting proclivities, and emotional commitment.</article-title> <source>Evolutionary Psychology</source>, <volume>6</volume>, <fpage>134</fpage>–<lpage>146</lpage>.</mixed-citation></ref>
<ref id="r8"><mixed-citation publication-type="journal"><person-group person-group-type="author"><name name-style="western"><surname>Buston</surname><given-names>P. M.</given-names></name><name name-style="western"><surname>Emlen</surname><given-names>S. T.</given-names></name></person-group> (<year>2003</year>). <article-title>Cognitive processes underlying human mate choice: The relationship between self-perception and mate preference in Western society.</article-title> <source>Proceedings of the National Academy of Sciences of the United States of America</source>, <volume>100</volume>, <fpage>8805</fpage>–<lpage>8810</lpage>. <pub-id pub-id-type="doi">10.1073/pnas.1533220100</pub-id><pub-id pub-id-type="pmid">12843405</pub-id></mixed-citation></ref>
<ref id="r9"><mixed-citation publication-type="journal"><person-group person-group-type="author"><name name-style="western"><surname>Cameron</surname><given-names>C.</given-names></name><name name-style="western"><surname>Oskamp</surname><given-names>S.</given-names></name><name name-style="western"><surname>Sparks</surname><given-names>W.</given-names></name></person-group> (<year>1977</year>). <article-title>Courtship American style: Newspaper Ads.</article-title> <source>The Family Coordinator</source>, <volume>26</volume>, <fpage>27</fpage>–<lpage>30</lpage>. <pub-id pub-id-type="doi">10.2307/581857</pub-id></mixed-citation></ref>
<ref id="r10"><mixed-citation publication-type="journal"><person-group person-group-type="author"><name name-style="western"><surname>Campbell</surname><given-names>L.</given-names></name><name name-style="western"><surname>Simpson</surname><given-names>J. A.</given-names></name><name name-style="western"><surname>Kashy</surname><given-names>D. A.</given-names></name><name name-style="western"><surname>Fletcher</surname><given-names>G. J. O.</given-names></name></person-group> (<year>2001</year>). <article-title>Ideal standards, the self, and flexibility of ideals in close relationships.</article-title> <source>Personality and Social Psychology Bulletin</source>, <volume>27</volume>, <fpage>447</fpage>–<lpage>462</lpage>. <pub-id pub-id-type="doi">10.1177/0146167201274006</pub-id></mixed-citation></ref>
<ref id="r11"><mixed-citation publication-type="journal"><person-group person-group-type="author"><name name-style="western"><surname>Confer</surname><given-names>J. C.</given-names></name><name name-style="western"><surname>Perilloux</surname><given-names>C.</given-names></name><name name-style="western"><surname>Buss</surname><given-names>D. M.</given-names></name></person-group> (<year>2010</year>). <article-title>More than just a pretty face: Men’s priority shifts towards bodily attractiveness in short-term versus long-term mating contexts.</article-title> <source>Evolution and Human Behavior</source>, <volume>31</volume>, <fpage>348</fpage>–<lpage>353</lpage>. <pub-id pub-id-type="doi">10.1016/j.evolhumbehav.2010.04.002</pub-id></mixed-citation></ref>
<ref id="r12"><mixed-citation publication-type="book">DeLamater, J. (1987). A sociological perspective. In J. H. Geer &amp; W. T. O’Donohue (Eds.), <italic>Theories of human sexuality</italic> (pp. 237-255). New York, NY: Plenum Press.</mixed-citation></ref>
<ref id="r13"><mixed-citation publication-type="journal"><person-group person-group-type="author"><name name-style="western"><surname>de Sousa Campos</surname><given-names>L.</given-names></name><name name-style="western"><surname>Otta</surname><given-names>E.</given-names></name><name name-style="western"><surname>Siqueria</surname><given-names>J. O.</given-names></name></person-group> (<year>2002</year>). <article-title>Sex differences in mate selection strategies: Content analyses and responses to personal advertisements in Brazil.</article-title> <source>Evolution and Human Behavior</source>, <volume>23</volume>, <fpage>395</fpage>–<lpage>406</lpage>. <pub-id pub-id-type="doi">10.1016/S1090-5138(02)00099-5</pub-id></mixed-citation></ref>
<ref id="r14"><mixed-citation publication-type="book">Eagly, A. H. (1987). <italic>Sex differences in social behavior: A social-role interpretation.</italic> Hillsdale, NJ: Lawrence Erlbaum.</mixed-citation></ref>
<ref id="r15"><mixed-citation publication-type="journal"><person-group person-group-type="author"><name name-style="western"><surname>Edlund</surname><given-names>J. E.</given-names></name><name name-style="western"><surname>Sagarin</surname><given-names>B. J.</given-names></name></person-group> (<year>2010</year>). <article-title>Mate value and mate preferences: An investigation into decisions made with and without constraints.</article-title> <source>Personality and Individual Differences</source>, <volume>49</volume>, <fpage>835</fpage>–<lpage>839</lpage>. <pub-id pub-id-type="doi">10.1016/j.paid.2010.07.004</pub-id></mixed-citation></ref>
<ref id="r16"><mixed-citation publication-type="journal"><person-group person-group-type="author"><name name-style="western"><surname>Feingold</surname><given-names>A.</given-names></name></person-group> (<year>1990</year>). <article-title>Gender differences in effects of physical attractiveness on romantic attraction: A comparison across five research paradigms.</article-title> <source>Journal of Personality and Social Psychology</source>, <volume>59</volume>, <fpage>981</fpage>–<lpage>993</lpage>. <pub-id pub-id-type="doi">10.1037/0022-3514.59.5.981</pub-id></mixed-citation></ref>
<ref id="r17"><mixed-citation publication-type="journal"><person-group person-group-type="author"><name name-style="western"><surname>Feingold</surname><given-names>A.</given-names></name></person-group> (<year>1992</year>). <article-title>Gender differences in mate selection preferences: A test of the parental investment model.</article-title> <source>Psychological Bulletin</source>, <volume>112</volume>, <fpage>125</fpage>–<lpage>139</lpage>. <pub-id pub-id-type="doi">10.1037/0033-2909.112.1.125</pub-id><pub-id pub-id-type="pmid">1388281</pub-id></mixed-citation></ref>
<ref id="r18"><mixed-citation publication-type="journal"><person-group person-group-type="author"><name name-style="western"><surname>Fletcher</surname><given-names>G. J. O.</given-names></name><name name-style="western"><surname>Simpson</surname><given-names>J. A.</given-names></name><name name-style="western"><surname>Thomas</surname><given-names>G.</given-names></name><name name-style="western"><surname>Giles</surname><given-names>L.</given-names></name></person-group> (<year>1999</year>). <article-title>Ideals in intimate relationships.</article-title> <source>Journal of Personality and Social Psychology</source>, <volume>76</volume>, <fpage>72</fpage>–<lpage>89</lpage>. <pub-id pub-id-type="doi">10.1037/0022-3514.76.1.72</pub-id><pub-id pub-id-type="pmid">9972554</pub-id></mixed-citation></ref>
<ref id="r19"><mixed-citation publication-type="journal"><person-group person-group-type="author"><name name-style="western"><surname>Fletcher</surname><given-names>G. J. O.</given-names></name><name name-style="western"><surname>Tither</surname><given-names>J. M.</given-names></name><name name-style="western"><surname>O’Loughlin</surname><given-names>C.</given-names></name><name name-style="western"><surname>Friesen</surname><given-names>M.</given-names></name><name name-style="western"><surname>Overall</surname><given-names>N.</given-names></name></person-group> (<year>2004</year>). <article-title>Warm and homely or cold and beautiful? Sex differences in trading off traits in mate selection.</article-title> <source>Personality and Social Psychology Bulletin</source>, <volume>30</volume>, <fpage>659</fpage>–<lpage>672</lpage>. <pub-id pub-id-type="doi">10.1177/0146167203262847</pub-id><pub-id pub-id-type="pmid">15155031</pub-id></mixed-citation></ref>
<ref id="r20"><mixed-citation publication-type="journal"><person-group person-group-type="author"><name name-style="western"><surname>Gangestad</surname><given-names>S. W.</given-names></name><name name-style="western"><surname>Simpson</surname><given-names>J. A.</given-names></name></person-group> (<year>2000</year>). <article-title>The evolution of human mating: Trade-offs and strategic pluralism.</article-title> <source>The Behavioral and Brain Sciences</source>, <volume>23</volume>, <fpage>573</fpage>–<lpage>587</lpage>. <pub-id pub-id-type="doi">10.1017/S0140525X0000337X</pub-id><pub-id pub-id-type="pmid">11301543</pub-id></mixed-citation></ref>
<ref id="r21"><mixed-citation publication-type="journal"><person-group person-group-type="author"><name name-style="western"><surname>Greitemeyer</surname><given-names>T.</given-names></name></person-group> (<year>2005</year>). <article-title>Receptivity to sexual offers as a function of sex, socioeconomic status, physical attractiveness, and intimacy of the offer.</article-title> <source>Personal Relationships</source>, <volume>12</volume>, <fpage>373</fpage>–<lpage>386</lpage>. <pub-id pub-id-type="doi">10.1111/j.1475-6811.2005.00121.x</pub-id></mixed-citation></ref>
<ref id="r22"><mixed-citation publication-type="journal"><person-group person-group-type="author"><name name-style="western"><surname>Harrison</surname><given-names>A. A.</given-names></name><name name-style="western"><surname>Saeed</surname><given-names>L.</given-names></name></person-group> (<year>1977</year>). <article-title>Let’s make a deal: An analysis of revelations and stipulations in lonely hearts advertisements.</article-title> <source>Journal of Personality and Social Psychology</source>, <volume>35</volume>, <fpage>257</fpage>–<lpage>264</lpage>. <pub-id pub-id-type="doi">10.1037/0022-3514.35.4.257</pub-id></mixed-citation></ref>
<ref id="r23"><mixed-citation publication-type="journal"><person-group person-group-type="author"><name name-style="western"><surname>Hill</surname><given-names>R.</given-names></name></person-group> (<year>1945</year>). <article-title>Campus values in mate selection.</article-title> <source>Journal of Home Economics</source>, <volume>37</volume>, <fpage>554</fpage>–<lpage>558</lpage>.</mixed-citation></ref>
<ref id="r24"><mixed-citation publication-type="journal"><person-group person-group-type="author"><name name-style="western"><surname>Howard</surname><given-names>J. A.</given-names></name><name name-style="western"><surname>Blumstein</surname><given-names>P.</given-names></name><name name-style="western"><surname>Schwartz</surname><given-names>P.</given-names></name></person-group> (<year>1987</year>). <article-title>Social or evolutionary theories? Some observations on preferences in human mate selection.</article-title> <source>Journal of Personality and Social Psychology</source>, <volume>53</volume>, <fpage>194</fpage>–<lpage>200</lpage>. <pub-id pub-id-type="doi">10.1037/0022-3514.53.1.194</pub-id></mixed-citation></ref>
<ref id="r25"><mixed-citation publication-type="journal"><person-group person-group-type="author"><name name-style="western"><surname>Hoyt</surname><given-names>L. L.</given-names></name><name name-style="western"><surname>Hudson</surname><given-names>J.</given-names></name></person-group> (<year>1981</year>). <article-title>Personality characteristics important in mate preference among college students.</article-title> <source>Social Behavior and Personality</source>, <volume>9</volume>, <fpage>93</fpage>–<lpage>96</lpage>. <pub-id pub-id-type="doi">10.2224/sbp.1981.9.1.93</pub-id></mixed-citation></ref>
<ref id="r26"><mixed-citation publication-type="journal"><person-group person-group-type="author"><name name-style="western"><surname>Hudson</surname><given-names>J. W.</given-names></name><name name-style="western"><surname>Henze</surname><given-names>L. F.</given-names></name></person-group> (<year>1969</year>). <article-title>Campus values in mate selection: A replication.</article-title> <source>Journal of Marriage and the Family</source>, <volume>31</volume>, <fpage>772</fpage>–<lpage>775</lpage>. <pub-id pub-id-type="doi">10.2307/349321</pub-id></mixed-citation></ref>
<ref id="r27"><mixed-citation publication-type="journal"><person-group person-group-type="author"><name name-style="western"><surname>Jonason</surname><given-names>P. K.</given-names></name></person-group> (<year>2009</year>). <article-title>The value of physical attractiveness: Modeling biological and social variables.</article-title> <source>The Journal of Social Psychology</source>, <volume>149</volume>, <fpage>229</fpage>–<lpage>240</lpage>. <pub-id pub-id-type="doi">10.3200/SOCP.149.2.229-240</pub-id><pub-id pub-id-type="pmid">19425359</pub-id></mixed-citation></ref>
<ref id="r28"><mixed-citation publication-type="journal"><person-group person-group-type="author"><name name-style="western"><surname>Jonason</surname><given-names>P. K.</given-names></name><name name-style="western"><surname>Buss</surname><given-names>D. M.</given-names></name></person-group> (<year>2012</year>). <article-title>Avoiding entangling commitments: Tactics for implementing a short-term mating strategy.</article-title> <source>Personality and Individual Differences</source>, <volume>52</volume>, <fpage>606</fpage>–<lpage>610</lpage>. <pub-id pub-id-type="doi">10.1016/j.paid.2011.12.015</pub-id></mixed-citation></ref>
<ref id="r29"><mixed-citation publication-type="journal"><person-group person-group-type="author"><name name-style="western"><surname>Jonason</surname><given-names>P. K.</given-names></name><name name-style="western"><surname>Li</surname><given-names>N. P.</given-names></name><name name-style="western"><surname>Cason</surname><given-names>M. J.</given-names></name></person-group> (<year>2009</year>). <article-title>The “booty call”: A compromise between men and women’s ideal mating strategies.</article-title> <source>Journal of Sex Research</source>, <volume>46</volume>, <fpage>460</fpage>–<lpage>470</lpage>. <pub-id pub-id-type="doi">10.1080/00224490902775827</pub-id><pub-id pub-id-type="pmid">19253133</pub-id></mixed-citation></ref>
<ref id="r30"><mixed-citation publication-type="journal"><person-group person-group-type="author"><name name-style="western"><surname>Jonason</surname><given-names>P. K.</given-names></name><name name-style="western"><surname>Li</surname><given-names>N. P.</given-names></name><name name-style="western"><surname>Madson</surname><given-names>L.</given-names></name></person-group> (<year>2012</year>). <article-title>It’s not all about the <italic>Benjamins</italic>: Understanding preferences for mates with resources.</article-title> <source>Personality and Individual Differences</source>, <volume>52</volume>, <fpage>306</fpage>–<lpage>310</lpage>. <pub-id pub-id-type="doi">10.1016/j.paid.2011.10.032</pub-id></mixed-citation></ref>
<ref id="r31"><mixed-citation publication-type="journal"><person-group person-group-type="author"><name name-style="western"><surname>Jonason</surname><given-names>P. K.</given-names></name><name name-style="western"><surname>Raulston</surname><given-names>T.</given-names></name><name name-style="western"><surname>Rotolo</surname><given-names>A.</given-names></name></person-group> (<year>2012</year>). <article-title>More than just a pretty face and a hot body: Multiple cues in mate-choice.</article-title> <source>The Journal of Social Psychology</source>, <volume>152</volume>, <fpage>174</fpage>–<lpage>184</lpage>. <pub-id pub-id-type="doi">10.1080/00224545.2011.586654</pub-id><pub-id pub-id-type="pmid">22468419</pub-id></mixed-citation></ref>
<ref id="r32"><mixed-citation publication-type="book">Jonason, P. K., Valentine, K. A., &amp; Li, N. P. (2012). Human mating. In V. S. Ramachandran (Ed.), <italic>Encyclopedia of human behavior</italic> (2nd. ed., Vol. 2, pp. 371-377). Oxford, United Kingdom: Academic Press.</mixed-citation></ref>
<ref id="r33"><mixed-citation publication-type="journal"><person-group person-group-type="author"><name name-style="western"><surname>Jonason</surname><given-names>P. K.</given-names></name><name name-style="western"><surname>Valentine</surname><given-names>K. A.</given-names></name><name name-style="western"><surname>Li</surname><given-names>N. P.</given-names></name><name name-style="western"><surname>Harbeson</surname><given-names>C. L.</given-names></name></person-group> (<year>2011</year>). <article-title>Mate-selection and the Dark Triad: Facilitating a short-term mating strategy and creating a volatile environment.</article-title> <source>Personality and Individual Differences</source>, <volume>51</volume>, <fpage>759</fpage>–<lpage>763</lpage>. <pub-id pub-id-type="doi">10.1016/j.paid.2011.06.025</pub-id></mixed-citation></ref>
<ref id="r34"><mixed-citation publication-type="journal"><person-group person-group-type="author"><name name-style="western"><surname>Kenrick</surname><given-names>D. T.</given-names></name><name name-style="western"><surname>Groth</surname><given-names>G. E.</given-names></name><name name-style="western"><surname>Trost</surname><given-names>M. R.</given-names></name><name name-style="western"><surname>Sadalla</surname><given-names>E. K.</given-names></name></person-group> (<year>1993</year>). <article-title>Integrating evolutionary and social exchange perspectives on relationship: Effects of gender, self-appraisal, and involvement level on mate selection criteria.</article-title> <source>Journal of Personality and Social Psychology</source>, <volume>64</volume>, <fpage>951</fpage>–<lpage>969</lpage>. <pub-id pub-id-type="doi">10.1037/0022-3514.64.6.951</pub-id></mixed-citation></ref>
<ref id="r35"><mixed-citation publication-type="journal"><person-group person-group-type="author"><name name-style="western"><surname>Kirsner</surname><given-names>B. R.</given-names></name><name name-style="western"><surname>Figueredo</surname><given-names>A. J.</given-names></name><name name-style="western"><surname>Jacobs</surname><given-names>W. J.</given-names></name></person-group> (<year>2003</year>). <article-title>Self, friends, and lovers: Structural relations among Beck Depression Inventory scores and perceived mate values.</article-title> <source>Journal of Affective Disorders</source>, <volume>75</volume>, <fpage>131</fpage>–<lpage>148</lpage>. <pub-id pub-id-type="doi">10.1016/S0165-0327(02)00048-4</pub-id><pub-id pub-id-type="pmid">12798253</pub-id></mixed-citation></ref>
<ref id="r36"><mixed-citation publication-type="journal"><person-group person-group-type="author"><name name-style="western"><surname>Lance</surname><given-names>L. M.</given-names></name></person-group> (<year>1998</year>). <article-title>Gender differences in heterosexual dating: A content analysis of personal ads.</article-title> <source>Journal of Men's Studies</source>, <volume>6</volume>, <fpage>279</fpage>–<lpage>288</lpage>.</mixed-citation></ref>
<ref id="r37"><mixed-citation publication-type="journal"><person-group person-group-type="author"><name name-style="western"><surname>Li</surname><given-names>N. P.</given-names></name><name name-style="western"><surname>Bailey</surname><given-names>J. M.</given-names></name><name name-style="western"><surname>Kenrick</surname><given-names>D. T.</given-names></name><name name-style="western"><surname>Linsenmeier</surname><given-names>J. A. W.</given-names></name></person-group> (<year>2002</year>). <article-title>The necessities and luxuries of mate preferences: Testing the tradeoffs.</article-title> <source>Journal of Personality and Social Psychology</source>, <volume>82</volume>, <fpage>947</fpage>–<lpage>955</lpage>. <pub-id pub-id-type="doi">10.1037/0022-3514.82.6.947</pub-id><pub-id pub-id-type="pmid">12051582</pub-id></mixed-citation></ref>
<ref id="r38"><mixed-citation publication-type="journal"><person-group person-group-type="author"><name name-style="western"><surname>Li</surname><given-names>N. P.</given-names></name><name name-style="western"><surname>Kenrick</surname><given-names>D. T.</given-names></name></person-group> (<year>2006</year>). <article-title>Sex similarities and differences in preferences for short-term mates: What, whether, and why.</article-title> <source>Journal of Personality and Social Psychology</source>, <volume>90</volume>, <fpage>468</fpage>–<lpage>489</lpage>. <pub-id pub-id-type="doi">10.1037/0022-3514.90.3.468</pub-id><pub-id pub-id-type="pmid">16594832</pub-id></mixed-citation></ref>
<ref id="r39"><mixed-citation publication-type="other">Li, N. P., Tan, J. H., Lewis, D. L., &amp; Yong, J. C. (2013). <italic>The multidimensional mate-value scale</italic>. Unpublished manuscript.</mixed-citation></ref>
<ref id="r40"><mixed-citation publication-type="journal"><person-group person-group-type="author"><name name-style="western"><surname>Pawlowski</surname><given-names>B.</given-names></name><name name-style="western"><surname>Koziel</surname><given-names>S.</given-names></name></person-group> (<year>2002</year>). <article-title>The impact of traits offered in personal advertisements on response rates.</article-title> <source>Evolution and Human Behavior</source>, <volume>23</volume>, <fpage>139</fpage>–<lpage>149</lpage>. <pub-id pub-id-type="doi">10.1016/S1090-5138(01)00092-7</pub-id></mixed-citation></ref>
<ref id="r41"><mixed-citation publication-type="journal"><person-group person-group-type="author"><name name-style="western"><surname>Penke</surname><given-names>L.</given-names></name><name name-style="western"><surname>Asendorpf</surname><given-names>J. B.</given-names></name></person-group> (<year>2008</year>). <article-title>Beyond global sociosexual orientations: A more differentiated look at sociosexuality and its effects on courtship and romantic relationships.</article-title> <source>Journal of Personality and Social Psychology</source>, <volume>95</volume>, <fpage>1113</fpage>–<lpage>1135</lpage>. <pub-id pub-id-type="doi">10.1037/0022-3514.95.5.1113</pub-id><pub-id pub-id-type="pmid">18954197</pub-id></mixed-citation></ref>
<ref id="r42"><mixed-citation publication-type="journal"><person-group person-group-type="author"><name name-style="western"><surname>Perilloux</surname><given-names>H. K.</given-names></name><name name-style="western"><surname>Webster</surname><given-names>G. D.</given-names></name><name name-style="western"><surname>Gaulin</surname><given-names>S. J. C.</given-names></name></person-group> (<year>2010</year>). <article-title>Signals of genetic quality and maternal investment capacity: The dynamic effects of fluctuating asymmetry and waist-to-hip ratio on men’s ratings of women’s attractiveness.</article-title> <source>Social Psychological and Personality Science</source>, <volume>1</volume>, <fpage>34</fpage>–<lpage>42</lpage>. <pub-id pub-id-type="doi">10.1177/1948550609349514</pub-id></mixed-citation></ref>
<ref id="r43"><mixed-citation publication-type="journal"><person-group person-group-type="author"><name name-style="western"><surname>Regan</surname><given-names>P. C.</given-names></name></person-group> (<year>1998</year>). <article-title>What if you can’t get what you want? Willingness to compromise ideal mate selection standards as a function of sex, mate value, and relationship context.</article-title> <source>Personality and Social Psychology Bulletin</source>, <volume>24</volume>, <fpage>1294</fpage>–<lpage>1303</lpage>. <pub-id pub-id-type="doi">10.1177/01461672982412004</pub-id></mixed-citation></ref>
<ref id="r44"><mixed-citation publication-type="journal"><person-group person-group-type="author"><name name-style="western"><surname>Schmitt</surname><given-names>D. P.</given-names></name><name name-style="western"><surname>Jonason</surname><given-names>P. K.</given-names></name><name name-style="western"><surname>Byerley</surname><given-names>G. J.</given-names></name><name name-style="western"><surname>Flores</surname><given-names>S. D.</given-names></name><name name-style="western"><surname>Illbeck</surname><given-names>B. E.</given-names></name><name name-style="western"><surname>O’Leary</surname><given-names>K. N.</given-names></name><name name-style="western"><surname>Qudrat</surname><given-names>A.</given-names></name></person-group> (<year>2012</year>). <article-title>A reexamination of sex differences in sexuality: New studies reveal old truths?</article-title> <source>Current Directions in Psychological Science</source>, <volume>21</volume>, <fpage>135</fpage>–<lpage>139</lpage>. <pub-id pub-id-type="doi">10.1177/0963721412436808</pub-id></mixed-citation></ref>
<ref id="r45"><mixed-citation publication-type="journal"><person-group person-group-type="author"><name name-style="western"><surname>Simpson</surname><given-names>J. A.</given-names></name><name name-style="western"><surname>Gangestad</surname><given-names>S. W.</given-names></name></person-group> (<year>1991</year>). <article-title>Individual differences in sociosexuality: Evidence for convergent and discriminant validity.</article-title> <source>Journal of Personality and Social Psychology</source>, <volume>60</volume>, <fpage>870</fpage>–<lpage>883</lpage>. <pub-id pub-id-type="doi">10.1037/0022-3514.60.6.870</pub-id><pub-id pub-id-type="pmid">1865325</pub-id></mixed-citation></ref>
<ref id="r46"><mixed-citation publication-type="journal"><person-group person-group-type="author"><name name-style="western"><surname>Simpson</surname><given-names>J. A.</given-names></name><name name-style="western"><surname>Gangestad</surname><given-names>S. W.</given-names></name></person-group> (<year>1992</year>). <article-title>Sociosexuality and romantic partner choice.</article-title> <source>Journal of Personality and Social Psychology</source>, <volume>60</volume>, <fpage>31</fpage>–<lpage>51</lpage>.</mixed-citation></ref>
<ref id="r47"><mixed-citation publication-type="journal"><person-group person-group-type="author"><name name-style="western"><surname>Singh</surname><given-names>D.</given-names></name></person-group> (<year>1993</year>). <article-title>Adaptive significance of female physical attractiveness: Role of waist-to-hip ratio.</article-title> <source>Journal of Personality and Social Psychology</source>, <volume>65</volume>, <fpage>293</fpage>–<lpage>307</lpage>. <pub-id pub-id-type="doi">10.1037/0022-3514.65.2.293</pub-id><pub-id pub-id-type="pmid">8366421</pub-id></mixed-citation></ref>
<ref id="r48"><mixed-citation publication-type="journal"><person-group person-group-type="author"><name name-style="western"><surname>Singh</surname><given-names>D.</given-names></name></person-group> (<year>1995</year>). <article-title>Female judgment of male attractiveness and desirability for relationships: Role of waist-to-hip ratio and financial status.</article-title> <source>Journal of Personality and Social Psychology</source>, <volume>69</volume>, <fpage>1089</fpage>–<lpage>1101</lpage>. <pub-id pub-id-type="doi">10.1037/0022-3514.69.6.1089</pub-id><pub-id pub-id-type="pmid">8531056</pub-id></mixed-citation></ref>
<ref id="r49"><mixed-citation publication-type="journal"><person-group person-group-type="author"><name name-style="western"><surname>Singh</surname><given-names>D.</given-names></name><name name-style="western"><surname>Luis</surname><given-names>S.</given-names></name></person-group> (<year>1995</year>). <article-title>Ethnic and gender consensus for the effect of waist-to-hip ratio on judgment of women’s attractiveness.</article-title> <source>Human Nature</source>, <volume>6</volume>, <fpage>51</fpage>–<lpage>65</lpage>. <pub-id pub-id-type="doi">10.1007/BF02734135</pub-id><pub-id pub-id-type="pmid">24202830</pub-id></mixed-citation></ref>
<ref id="r50"><mixed-citation publication-type="journal"><person-group person-group-type="author"><name name-style="western"><surname>Sprecher</surname><given-names>S.</given-names></name><name name-style="western"><surname>Sullivan</surname><given-names>Q.</given-names></name><name name-style="western"><surname>Hatfield</surname><given-names>E.</given-names></name></person-group> (<year>1994</year>). <article-title>Mate selection preferences: Gender differences examined in a national sample.</article-title> <source>Journal of Personality and Social Psychology</source>, <volume>66</volume>, <fpage>1074</fpage>–<lpage>1080</lpage>. <pub-id pub-id-type="doi">10.1037/0022-3514.66.6.1074</pub-id><pub-id pub-id-type="pmid">8046577</pub-id></mixed-citation></ref>
<ref id="r51"><mixed-citation publication-type="journal"><person-group person-group-type="author"><name name-style="western"><surname>Stewart</surname><given-names>S.</given-names></name><name name-style="western"><surname>Stinnett</surname><given-names>H.</given-names></name><name name-style="western"><surname>Rosenfeld</surname><given-names>L. B.</given-names></name></person-group> (<year>2000</year>). <article-title>Sex differences in desired characteristics of short-term and long-term relationship partners.</article-title> <source>Journal of Social and Personal Relationships</source>, <volume>17</volume>, <fpage>843</fpage>–<lpage>853</lpage>. <pub-id pub-id-type="doi">10.1177/0265407500176008</pub-id></mixed-citation></ref>
<ref id="r52"><mixed-citation publication-type="book">Symons, D. (1979). <italic>The evolution of human sexuality</italic>. New York, NY: Oxford University Press.</mixed-citation></ref>
<ref id="r53"><mixed-citation publication-type="journal"><person-group person-group-type="author"><name name-style="western"><surname>Thornhill</surname><given-names>R.</given-names></name><name name-style="western"><surname>Gangestad</surname><given-names>S. W.</given-names></name></person-group> (<year>1994</year>). <article-title>Human fluctuating asymmetry and sexual behavior.</article-title> <source>Psychological Science</source>, <volume>5</volume>, <fpage>297</fpage>–<lpage>302</lpage>. <pub-id pub-id-type="doi">10.1111/j.1467-9280.1994.tb00629.x</pub-id></mixed-citation></ref>
<ref id="r54"><mixed-citation publication-type="journal"><person-group person-group-type="author"><name name-style="western"><surname>Thornhill</surname><given-names>R.</given-names></name><name name-style="western"><surname>Möller</surname><given-names>A. P.</given-names></name></person-group> (<year>1997</year>). <article-title>Developmental stability, disease, and medicine.</article-title> <source>Biological Reviews of the Cambridge Philosophical Society</source>, <volume>72</volume>, <fpage>497</fpage>–<lpage>548</lpage>. <pub-id pub-id-type="doi">10.1017/S0006323197005082</pub-id><pub-id pub-id-type="pmid">9375532</pub-id></mixed-citation></ref>
<ref id="r55"><mixed-citation publication-type="journal"><person-group person-group-type="author"><name name-style="western"><surname>Townsend</surname><given-names>J. M.</given-names></name><name name-style="western"><surname>Kline</surname><given-names>J.</given-names></name><name name-style="western"><surname>Wasserman</surname><given-names>T. H.</given-names></name></person-group> (<year>1995</year>). <article-title>Low investment copulation: Sex differences in motivations and emotional reactions.</article-title> <source>Ethology and Sociobiology</source>, <volume>16</volume>, <fpage>25</fpage>–<lpage>51</lpage>. <pub-id pub-id-type="doi">10.1016/0162-3095(94)00027-5</pub-id></mixed-citation></ref>
<ref id="r56"><mixed-citation publication-type="journal"><person-group person-group-type="author"><name name-style="western"><surname>Townsend</surname><given-names>J. M.</given-names></name><name name-style="western"><surname>Levy</surname><given-names>G. D.</given-names></name></person-group> (<year>1990</year>). <article-title>Effects of potential partners' physical attractiveness and socioeconomic status on sexuality and partner selection.</article-title> <source>Archives of Sexual Behavior</source>, <volume>19</volume>, <fpage>149</fpage>–<lpage>164</lpage>. <pub-id pub-id-type="doi">10.1007/BF01542229</pub-id><pub-id pub-id-type="pmid">2337380</pub-id></mixed-citation></ref>
<ref id="r57"><mixed-citation publication-type="journal"><person-group person-group-type="author"><name name-style="western"><surname>Townsend</surname><given-names>J. M.</given-names></name><name name-style="western"><surname>Wasserman</surname><given-names>T. H.</given-names></name></person-group> (<year>1998</year>). <article-title>Sexual attractiveness: Sex differences in assessment criteria.</article-title> <source>Evolution and Human Behavior</source>, <volume>19</volume>, <fpage>171</fpage>–<lpage>191</lpage>. <pub-id pub-id-type="doi">10.1016/S1090-5138(98)00008-7</pub-id></mixed-citation></ref>
<ref id="r58"><mixed-citation publication-type="book">Trivers, R. (1972). Parental investment and sexual selection. In B. Campbell (Ed.), <italic>Sexual selection and the descent of man, 1871-1971</italic> (pp. 136-179). Chicago, IL: Aldine.</mixed-citation></ref>
<ref id="r59"><mixed-citation publication-type="journal"><person-group person-group-type="author"><name name-style="western"><surname>Webster</surname><given-names>G. D.</given-names></name><name name-style="western"><surname>Bryan</surname><given-names>A. D.</given-names></name></person-group> (<year>2007</year>). <article-title>Sociosexual attitudes and behaviors: Why two factors are better than one.</article-title> <source>Journal of Research in Personality</source>, <volume>41</volume>, <fpage>917</fpage>–<lpage>922</lpage>. <pub-id pub-id-type="doi">10.1016/j.jrp.2006.08.007</pub-id></mixed-citation></ref>
<ref id="r60"><mixed-citation publication-type="journal"><person-group person-group-type="author"><name name-style="western"><surname>Wiederman</surname><given-names>M. W.</given-names></name><name name-style="western"><surname>Dubois</surname><given-names>S. L.</given-names></name></person-group> (<year>1998</year>). <article-title>Evolution and sex differences in preferences for short-term mates: Results from a policy capturing study.</article-title> <source>Evolution and Human Behavior</source>, <volume>19</volume>, <fpage>153</fpage>–<lpage>170</lpage>. <pub-id pub-id-type="doi">10.1016/S1090-5138(98)00006-3</pub-id></mixed-citation></ref>
</ref-list><ack><title>Acknowledgements</title>
<p>We thank Bryan Koenig for help designing the instrument and James P. Middleton for reviewing this paper in advance of submission.</p></ack><fn-group><fn id="fn1"><label>i</label>
<p>We compared our three-dimensional models to one-dimensional models as parsimony tests. One should not invoke complicated, multidimensional structures when simpler structures fit the data better. A one-dimensioanl model reflects simple, gestalt preferences for mates with desirable qualities.</p></fn></fn-group>
</back>
</article>